year,player,team,age,pos,g,gs,rush_att,rush_yds,rush_td,rush_long,rush_yds_per_att,rush_yds_per_g,fumbles
2017,Le'Veon Bell+,PIT,25,RB,15,15,321,1291,9,27,4.0,86.1,3
2017,LeSean McCoy,BUF,29,RB,16,16,287,1138,6,48,4.0,71.1,3
2017,Melvin Gordon,LAC,24,RB,16,16,284,1105,8,87,3.9,69.1,1
2017,Todd Gurley+,LAR,23,RB,15,15,279,1305,13,57,4.7,87.0,5
2017,Jordan Howard,CHI,23,RB,16,16,276,1122,9,53,4.1,70.1,1
2017,Kareem Hunt,KAN,22,RB,16,16,272,1327,8,69,4.9,82.9,1
2017,Leonard Fournette,JAX,22,RB,13,13,268,1040,9,90,3.9,80.0,2
2017,Frank Gore,IND,34,RB,16,16,261,961,3,21,3.7,60.1,3
2017,C.J. Anderson,DEN,26,RB,16,16,245,1007,3,40,4.1,62.9,1
2017,Ezekiel Elliott,DAL,22,RB,10,10,242,983,7,30,4.1,98.3,1
2017,Carlos Hyde,SFO,27,RB,16,16,240,938,8,61,3.9,58.6,2
2017,Lamar Miller,HOU,26,RB,16,13,238,888,3,21,3.7,55.5,1
2017,Mark Ingram,NOR,28,RB,16,13,230,1124,12,72,4.9,70.3,3
2017,Latavius Murray,MIN,27,RB,16,11,216,842,8,46,3.9,52.6,1
2017,Alex Collins,BAL,23,RB,15,12,212,973,6,50,4.6,64.9,4
2017,Jay Ajayi,2TM,24,,14,8,208,873,1,71,4.2,62.4,3
2017,Marshawn Lynch,OAK,31,RB,15,15,207,891,7,51,4.3,59.4,1
2017,Isaiah Crowell,CLE,24,RB,16,16,206,853,2,59,4.1,53.3,1
2017,Jonathan Stewart,CAR,30,RB,15,10,198,680,6,60,3.4,45.3,3
2017,Devonta Freeman,ATL,25,RB,14,14,196,865,7,44,4.4,61.8,4
2017,DeMarco Murray,TEN,29,RB,15,15,184,659,6,75,3.6,43.9,1
2017,Dion Lewis,NWE,27,RB,16,8,180,896,6,44,5.0,56.0,0
2017,Joe Mixon,CIN,21,rb,14,7,178,626,4,25,3.5,44.7,3
2017,Bilal Powell,NYJ,29,RB,15,10,178,772,5,75,4.3,51.5,1
2017,Derrick Henry,TEN,23,rb,16,2,176,744,5,75,4.2,46.5,1
2017,Samaje Perine,WAS,22,RB,16,8,175,603,1,30,3.4,37.7,2
2017,LeGarrette Blount,PHI,31,RB,16,11,173,766,2,68,4.4,47.9,1
2017,Orleans Darkwa,NYG,25,RB,15,11,171,751,5,75,4.4,50.1,1
2017,Ameer Abdullah,DET,24,RB,14,11,165,552,4,34,3.3,39.4,2
2017,Tevin Coleman,ATL,24,fb/rb,15,3,156,628,5,52,4.0,41.9,1
2017,Adrian Peterson,2TM,32,,10,7,156,529,2,27,3.4,52.9,3
2017,Javorius Allen,BAL,26,,16,0,153,591,4,37,3.9,36.9,0
2017,Jamaal Williams,GNB,22,rb,16,7,153,556,4,25,3.6,34.8,0
2017,Jerick McKinnon,MIN,25,rb,16,1,150,570,3,58,3.8,35.6,3
2017,Cam Newton,CAR,28,QB,16,16,139,754,6,69,5.4,47.1,9
2017,Doug Martin,TAM,28,RB,11,8,138,406,3,27,2.9,36.9,1
2017,Kenyan Drake,MIA,23,rb,16,6,133,644,3,66,4.8,40.3,2
2017,Alvin Kamara,NOR,22,fb/rb,16,3,120,728,8,74,6.1,45.5,1
2017,Kerwynn Williams,ARI,26,rb,16,6,120,426,1,25,3.6,26.6,0
2017,Christian McCaffrey,CAR,21,RB,16,10,117,435,2,40,3.7,27.2,2
2017,Alfred Morris,DAL,29,rb,14,5,115,547,1,70,4.8,39.1,0
2017,Chris Ivory,JAX,29,rb,14,3,112,382,1,34,3.4,27.3,2
2017,Wayne Gallman,NYG,23,rb,13,1,111,476,0,24,4.3,36.6,3
2017,Peyton Barber,TAM,23,rb,16,4,108,423,3,34,3.9,26.4,2
2017,Giovani Bernard,CIN,26,rb,16,2,105,458,2,25,4.4,28.6,0
2017,Matt Breida,SFO,22,,16,0,105,465,2,33,4.4,29.1,1
2017,Mike Gillislee,NWE,27,rb,9,2,104,383,5,16,3.7,42.6,1
2017,Matt Forte,NYJ,32,rb,12,4,103,381,2,20,3.7,31.8,1
2017,Russell Wilson,SEA,29,QB,16,16,95,586,3,31,6.2,36.6,14
2017,Marlon Mack,IND,21,,14,0,93,358,3,35,3.8,25.6,1
2017,Elijah McGuire,NYJ,23,rb,16,2,88,315,1,69,3.6,19.7,2
2017,Tarik Cohen,CHI,22,rb/wr,16,4,87,370,2,46,4.3,23.1,3
2017,Theo Riddick,DET,26,rb,16,5,84,286,3,21,3.4,17.9,1
2017,Tyrod Taylor,BUF,28,QB,15,14,84,427,4,32,5.1,28.5,4
2017,Duke Johnson,CLE,24,,16,0,82,348,4,19,4.2,21.8,4
2017,Aaron Jones,GNB,23,rb,12,4,81,448,4,46,5.5,37.3,0
2017,Devontae Booker,DEN,25,,13,0,79,299,1,26,3.8,23.0,2
2017,D'Onta Foreman,HOU,21,rb,10,1,78,327,2,39,4.2,32.7,2
2017,DeShone Kizer,CLE,21,QB,15,15,77,419,5,20,5.4,27.9,9
2017,Corey Clement,PHI,23,,16,0,74,321,4,28,4.3,20.1,0
2017,Dalvin Cook,MIN,22,rb,4,4,74,354,2,33,4.8,88.5,1
2017,Alfred Blue,HOU,26,,11,0,71,262,1,48,3.7,23.8,0
2017,Ty Montgomery,GNB,24,rb,8,5,71,273,3,37,3.8,34.1,0
2017,Jamaal Charles,DEN,31,,14,0,69,296,1,19,4.3,21.1,2
2017,Eddie Lacy,SEA,27,rb,9,3,69,179,0,19,2.6,19.9,0
2017,Mike Davis,SEA,24,rb,6,6,68,240,0,33,3.5,40.0,0
2017,Mike Tolbert,BUF,32,,12,0,66,247,1,25,3.7,20.6,2
2017,Rex Burkhead,NWE,27,rb,10,3,64,264,5,31,4.1,26.4,1
2017,Jacquizz Rodgers,TAM,27,rb,16,4,64,244,1,36,3.8,15.3,0
2017,Chris Thompson,WAS,27,rb,10,1,64,294,2,61,4.6,29.4,3
2017,Carson Wentz,PHI,25,QB,13,13,64,299,0,24,4.7,23.0,9
2017,Jacoby Brissett,IND,25,QB,16,15,63,260,4,25,4.1,16.3,8
2017,Malcolm Brown,LAR,24,rb,11,1,63,246,1,20,3.9,22.4,1
2017,Robert Kelley,WAS,25,rb,7,7,62,194,3,21,3.1,27.7,0
2017,Marcus Mariota,TEN,24,QB,15,15,60,312,5,34,5.2,20.8,2
2017,Alex Smith,KAN,33,QB,15,15,60,355,1,70,5.9,23.7,2
2017,Tavon Austin,LAR,27,WR,16,9,59,270,1,27,4.6,16.9,5
2017,Thomas Rawls,SEA,24,rb,12,3,58,157,0,23,2.7,13.1,1
2017,Blake Bortles,JAX,25,QB,16,16,57,322,2,28,5.6,20.1,9
2017,Dak Prescott,DAL,24,QB,16,16,57,357,6,21,6.3,22.3,4
2017,DeAndre Washington,OAK,24,,15,0,57,153,2,11,2.7,10.2,2
2017,Jalen Richard,OAK,24,rb,16,1,56,275,1,52,4.9,17.2,8
2017,Rod Smith,DAL,25,rb,15,1,55,232,4,45,4.2,15.5,0
2017,Chris Carson,SEA,23,rb,4,3,49,208,0,30,4.2,52.0,0
2017,Kirk Cousins,WAS,29,QB,16,16,49,179,4,18,3.7,11.2,13
2017,T.J. Yeldon,JAX,24,,10,0,49,253,2,58,5.2,25.3,2
2017,Austin Ekeler,LAC,22,,16,0,47,260,2,35,5.5,16.3,2
2017,Wendell Smallwood,PHI,23,rb,8,3,47,174,1,26,3.7,21.8,0
2017,J.D. McKissic,SEA,24,rb,13,1,46,187,1,30,4.1,14.4,0
2017,Damien Williams,MIA,25,rb,11,4,46,181,0,69,3.9,16.5,0
2017,Chris Johnson,ARI,32,rb,4,3,45,114,0,11,2.5,28.5,0
2017,Shane Vereen,NYG,28,,16,0,45,164,0,17,3.6,10.3,0
2017,James White,NWE,25,rb,14,4,43,171,0,10,4.0,12.2,0
2017,Tion Green,DET,24,,5,0,42,165,2,33,3.9,33.0,0
2017,Paul Perkins,NYG,23,rb,11,4,41,90,0,14,2.2,8.2,0
2017,Mitchell Trubisky,CHI,23,QB,12,12,41,248,2,46,6.0,20.7,10
2017,Case Keenum,MIN,29,QB,15,14,40,160,1,22,4.0,10.7,1
2017,Terrance West,BAL,26,rb,5,4,39,138,2,13,3.5,27.6,1
2017,Andy Dalton,CIN,30,QB,16,16,38,99,0,25,2.6,6.2,4
2017,Jeremy Hill,CIN,25,rb,7,7,37,116,0,13,3.1,16.6,1
2017,Josh McCown,NYJ,38,QB,13,13,37,124,5,22,3.4,9.5,11
2017,Brett Hundley,GNB,24,QB,11,9,36,270,2,24,7.5,24.5,4
2017,Deshaun Watson,HOU,22,qb,7,6,36,269,2,49,7.5,38.4,3
2017,Branden Oliver,LAC,26,,8,0,35,83,0,26,2.4,10.4,0
2017,Drew Brees,NOR,38,QB,16,16,33,12,2,7,0.4,0.8,5
2017,Jameis Winston,TAM,23,QB,13,13,33,135,1,17,4.1,10.4,15
2017,James Conner,PIT,22,,14,0,32,144,0,23,4.5,10.3,0
2017,Matt Ryan,ATL,32,QB,16,16,32,143,0,16,4.5,8.9,4
2017,Elijhaa Penny,ARI,24,,16,0,31,124,2,14,4.0,7.8,0
2017,Trevor Siemian,DEN,26,QB,11,10,31,127,1,15,4.1,11.5,5
2017,Corey Grant,JAX,26,,16,0,30,248,2,58,8.3,15.5,1
2017,Terron Ward,ATL,25,,14,0,30,129,0,17,4.3,9.2,1
2017,Matthew Stafford,DET,29,QB,16,16,29,98,0,15,3.4,6.1,11
2017,Jared Goff,LAR,23,QB,15,15,28,51,1,22,1.8,3.4,8
2017,Ben Roethlisberger,PIT,35,QB,15,15,28,47,0,14,1.7,3.1,3
2017,C.J. Beathard,SFO,24,qb,7,5,26,136,3,16,5.2,19.4,3
2017,Stevan Ridley,PIT,28,rb,2,1,26,108,1,21,4.2,54.0,0
2017,Tom Brady+,NWE,40,QB,16,16,25,28,0,7,1.1,1.8,7
2017,Joe Flacco,BAL,32,QB,16,16,25,54,1,25,2.2,3.4,6
2017,Aaron Rodgers,GNB,34,qb,7,7,24,126,0,18,5.3,18.0,1
2017,Travaris Cadet,2TM,28,,9,0,23,96,0,12,4.2,10.7,0
2017,Derek Carr,OAK,26,QB,15,15,23,66,0,32,2.9,4.4,8
2017,Blaine Gabbert,ARI,28,qb,5,5,23,82,0,12,3.6,16.4,7
2017,Robert Turbin,IND,28,rb,6,1,23,53,1,7,2.3,8.8,0
2017,Kapri Bibbs,WAS,24,,3,0,21,79,0,16,3.8,26.3,0
2017,Charles Sims,TAM,27,,16,0,21,95,0,21,4.5,5.9,1
2017,Andre Ellington,2TM,28,,12,2,20,55,1,14,2.8,4.6,0
2017,Dwayne Washington,DET,23,,5,0,20,44,0,6,2.2,8.8,0
2017,Jay Cutler,MIA,34,QB,14,14,19,32,0,9,1.7,2.3,6
2017,Cameron Artis-Payne,CAR,27,,13,0,18,95,1,43,5.3,7.3,0
2017,Philip Rivers,LAC,36,QB,16,16,18,-2,0,8,-0.1,-0.1,8
2017,Charcandrick West,KAN,26,,13,0,18,72,2,21,4.0,5.5,1
2017,Tyreek Hill,KAN,23,WR,15,13,17,59,0,16,3.5,3.9,2
2017,Kenjon Barner,PHI,27,rb,13,1,16,57,1,18,3.6,4.4,3
2017,Ryan Fitzpatrick,TAM,35,qb,6,3,16,76,0,15,4.8,12.7,0
2017,Jimmy Garoppolo,SFO,26,qb,6,5,15,11,1,8,0.7,1.8,1
2017,Darren Sproles,PHI,34,,3,0,15,61,0,12,4.1,20.3,1
2017,Brock Osweiler,DEN,27,qb,6,4,14,64,1,18,4.6,10.7,2
2017,Carson Palmer,ARI,38,qb,7,7,14,12,0,4,0.9,1.7,2
2017,Anthony Sherman,KAN,29,fb,16,3,14,40,1,9,2.9,2.5,0
2017,Danny Woodhead,BAL,32,,8,0,14,56,0,10,4.0,7.0,0
2017,Zach Zenner,DET,26,,8,0,14,26,1,14,1.9,3.3,0
2017,Travis Benjamin,LAC,28,wr,16,3,13,96,0,22,7.4,6.0,2
2017,Brandon Bolden,NWE,27,,16,0,13,67,0,20,5.2,4.2,0
2017,Cordarrelle Patterson,OAK,26,wr,16,2,13,121,2,47,9.3,7.6,3
2017,Eli Manning,NYG,36,QB,15,15,12,26,1,14,2.2,1.7,11
2017,Lance Dunbar,LAR,27,,4,0,11,51,1,12,4.6,12.8,0
2017,Nick Foles,PHI,28,qb,7,3,11,3,0,9,0.3,0.4,6
2017,Brian Hill,2TM,22,,7,0,11,37,0,11,3.4,5.3,0
2017,David Johnson,ARI,26,rb,1,1,11,23,0,6,2.1,23.0,2
2017,C.J. Prosise,SEA,23,,5,0,11,23,0,8,2.1,4.6,0
2017,Ted Ginn,NOR,32,WR,15,10,10,39,0,15,3.9,2.6,2
2017,Kevin Hogan,CLE,25,qb,4,1,10,71,0,11,7.1,17.8,1
2017,Tyler Lockett,SEA,25,WR,16,8,10,58,0,22,5.8,3.6,0
2017,Randall Cobb,GNB,27,WR,15,14,9,17,0,10,1.9,1.1,1
2017,Brandin Cooks,NWE,24,WR,16,15,9,40,0,13,4.4,2.5,0
2017,Benny Cunningham,CHI,27,,14,0,9,29,0,12,3.2,2.1,1
2017,Trey Edmunds,NOR,23,,16,0,9,48,1,41,5.3,3.0,0
2017,Brian Hoyer,2TM,32,,11,6,9,4,1,9,0.4,0.4,3
2017,Sean Mannion,LAR,25,qb,5,1,9,-2,0,3,-0.2,-0.4,2
2017,Byron Marshall,WAS,23,,4,0,9,32,0,11,3.6,8.0,0
2017,Jamize Olawale,OAK,28,,12,0,9,43,1,11,4.8,3.6,1
2017,Drew Stanton,ARI,33,qb,5,4,9,7,0,5,0.8,1.4,3
2017,Andre Williams,LAC,25,,8,0,9,25,0,7,2.8,3.1,0
2017,Mack Brown,2TM,26,,4,0,8,29,0,11,3.6,7.3,0
2017,Stefon Diggs,MIN,24,WR,14,14,8,13,0,9,1.6,0.9,0
2017,Taylor Gabriel,ATL,26,wr,16,4,8,49,0,15,6.1,3.1,0
2017,Akeem Hunt,KAN,24,,15,0,8,23,0,11,2.9,1.5,0
2017,Landry Jones,PIT,28,qb,3,1,8,-10,0,0,-1.3,-3.3,1
2017,Senorise Perry,MIA,26,,16,0,8,30,0,12,3.8,1.9,0
2017,Taywan Taylor,TEN,22,wr,16,4,8,43,0,17,5.4,2.7,0
2017,Joe Webb,BUF,31,,16,0,8,54,0,22,6.8,3.4,0
2017,Jamison Crowder,WAS,24,wr,15,6,7,34,0,11,4.9,2.3,6
2017,C.J. Ham,MIN,24,fb,16,1,7,13,1,3,1.9,0.8,0
2017,De'Angelo Henderson,DEN,25,,5,0,7,13,0,5,1.9,2.6,0
2017,Kyle Juszczyk,SFO,26,FB,14,10,7,31,0,12,4.4,2.2,2
2017,Zach Line,NOR,27,fb,12,4,7,28,0,9,4.0,2.3,0
2017,Patrick Mahomes,KAN,22,qb,1,1,7,10,0,5,1.4,10.0,0
2017,Marcus Murphy,BUF,26,,1,0,7,41,0,25,5.9,41.0,0
2017,Nathan Peterman,BUF,23,qb,4,2,7,23,0,9,3.3,5.8,2
2017,Bryce Petty,NYJ,26,qb,4,3,7,55,0,24,7.9,13.8,1
2017,ArDarius Stewart,NYJ,24,wr,15,2,7,27,0,11,3.9,1.8,0
2017,Fozzy Whittaker,CAR,28,,12,0,7,18,0,8,2.6,1.5,0
2017,Martavis Bryant,PIT,26,WR,15,8,6,22,0,13,3.7,1.5,0
2017,D.J. Foster,ARI,24,,7,0,6,19,0,5,3.2,2.7,0
2017,Andy Janovich,DEN,24,fb,16,4,6,12,1,4,2.0,0.8,0
2017,Raheem Mostert,SFO,25,,11,0,6,30,0,16,5.0,2.7,1
2017,Fitzgerald Toussaint,PIT,27,,6,0,6,25,0,7,4.2,4.2,0
2017,Derek Watt,LAC,25,fb,16,4,6,24,0,17,4.0,1.5,0
2017,Tommy Bohanon,JAX,27,FB,16,10,5,5,2,3,1.0,0.3,0
2017,Michael Campanaro,BAL,26,,13,0,5,42,0,19,8.4,3.2,4
2017,Kellen Clemens,LAC,34,,8,0,5,-5,0,-1,-1.0,-0.6,0
2017,Matthew Dayes,CLE,23,,16,0,5,13,0,4,2.6,0.8,0
2017,Alex Erickson,CIN,25,,16,0,5,16,0,14,3.2,1.0,6
2017,MarQueis Gray,MIA,28,,16,0,5,14,0,5,2.8,0.9,0
2017,Chad Henne,JAX,32,,2,0,5,-5,0,-1,-1.0,-2.5,0
2017,Adoree' Jackson,TEN,22,CB,16,16,5,55,0,20,11.0,3.4,1
2017,Matt Jones,IND,24,,5,0,5,14,0,5,2.8,2.8,0
2017,Paxton Lynch,DEN,23,qb,2,2,5,30,0,11,6.0,15.0,2
2017,Aaron Ripkowski,GNB,25,fb,16,2,5,13,0,4,2.6,0.8,0
2017,Golden Tate,DET,29,WR,16,12,5,22,0,10,4.4,1.4,1
2017,Terrell Watson,PIT,24,,10,0,5,8,0,3,1.6,0.8,0
2017,T.J. Yates,HOU,30,qb,4,3,5,51,0,15,10.2,12.8,5
2017,Michael Burton,CHI,25,fb,16,3,4,9,0,7,2.3,0.6,0
2017,Tyler Ervin,HOU,24,,4,0,4,12,0,6,3.0,3.0,0
2017,David Fales,MIA,27,,2,0,4,8,1,3,2.0,4.0,0
2017,David Fluellen,TEN,25,,16,0,4,21,0,10,5.3,1.3,0
2017,Mike Glennon,CHI,28,qb,4,4,4,4,0,2,1.0,1.0,5
2017,Marquise Goodwin,SFO,27,WR,16,16,4,44,0,18,11.0,2.8,0
2017,Ryan Mallett,BAL,29,,2,0,4,-3,0,0,-0.8,-1.5,1
2017,Devante Mays,GNB,23,,8,0,4,1,0,2,0.3,0.1,2
2017,Curtis Samuel,CAR,21,rb/wr,9,4,4,64,0,31,16.0,7.1,0
2017,Mohamed Sanu,ATL,28,WR,15,15,4,10,0,4,2.5,0.7,0
2017,Tom Savage,HOU,27,qb,8,7,4,2,0,3,0.5,0.3,8
2017,Sterling Shepard,NYG,24,WR,11,10,4,4,0,12,1.0,0.4,1
2017,Geno Smith,NYG,27,qb,2,1,4,12,0,10,3.0,6.0,2
2017,Ryan Switzer,DAL,23,,16,0,4,5,0,3,1.3,0.3,1
2017,Robby Anderson,NYJ,24,WR,16,15,3,9,0,7,3.0,0.6,0
2017,Teddy Bridgewater,MIN,25,,1,0,3,-3,0,-1,-1.0,-3.0,0
2017,Kaelin Clay,2TM,25,,13,2,3,27,0,29,9.0,2.1,3
2017,Chase Daniel,NOR,31,,1,0,3,-2,0,0,-0.7,-2.0,0
2017,LeShun Daniels,WAS,22,,4,0,3,14,0,8,4.7,3.5,0
2017,Bruce Ellington,HOU,26,wr,11,6,3,17,0,13,5.7,1.5,1
2017,Jakeem Grant,MIA,25,,16,0,3,12,0,7,4.0,0.8,2
2017,Chris Hogan,NWE,29,wr,9,7,3,17,0,13,5.7,1.9,0
2017,DeSean Jackson,TAM,31,WR,14,13,3,38,0,23,12.7,2.7,0
2017,Matt Moore,MIA,33,qb,4,2,3,9,0,7,3.0,2.3,0
2017,JJ Nelson,ARI,25,wr,16,5,3,37,0,16,12.3,2.3,1
2017,Roosevelt Nix,PIT,25,fb/rb,16,4,3,0,1,1,0.0,0.0,0
2017,Bernard Reedy,2TM,26,,11,0,3,17,0,10,5.7,1.5,1
2017,Chester Rogers,IND,23,wr,11,4,3,8,0,7,2.7,0.7,0
2017,Albert Wilson,KAN,25,wr,13,7,3,6,0,6,2.0,0.5,0
2017,Jesus Wilson,TAM,22,wr,3,1,3,8,0,8,2.7,2.7,0
2017,Jamal Agnew+,DET,22,,13,0,2,9,0,5,4.5,0.7,3
2017,Keenan Allen,LAC,25,WR,16,15,2,9,0,6,4.5,0.6,1
2017,Derek Anderson,CAR,34,,3,0,2,-2,0,-1,-1.0,-0.7,0
2017,Doug Baldwin,SEA,29,WR,16,16,2,-8,0,-3,-4.0,-0.5,0
2017,Sam Bradford,MIN,30,qb,2,2,2,-3,0,-1,-1.5,-1.5,0
2017,Derrick Coleman,ATL,27,fb,16,7,2,8,0,5,4.0,0.5,0
2017,Trevor Davis,GNB,24,,16,0,2,13,0,9,6.5,0.8,0
2017,Patrick DiMarco,BUF,28,FB/rb,16,9,2,-2,0,0,-1.0,-0.1,0
2017,Jalston Fowler,TEN,27,fb,10,1,2,4,1,3,2.0,0.4,0
2017,Will Fuller,HOU,23,WR,10,10,2,9,0,5,4.5,0.9,0
2017,Darrius Heyward-Bey,PIT,30,,16,0,2,32,1,29,16.0,2.0,0
2017,Travis Kelce,KAN,28,TE,15,15,2,7,0,4,3.5,0.5,0
2017,Marquette King,OAK,29,P,16,0,2,-14,0,-3,-7.0,-0.9,0
2017,Tavarres King,NYG,27,wr,8,3,2,3,0,11,1.5,0.4,0
2017,Tommylee Lewis,NOR,25,,15,0,2,14,0,8,7.0,0.9,1
2017,Josh Malone,CIN,21,wr,11,7,2,2,0,4,1.0,0.2,0
2017,EJ Manuel,OAK,27,qb,2,1,2,15,0,10,7.5,7.5,0
2017,Vince Mayle,BAL,26,,16,0,2,2,1,2,1.0,0.1,0
2017,Chris Moore,BAL,24,wr,13,4,2,-9,0,-4,-4.5,-0.7,0
2017,Niles Paul,WAS,28,te/wr,14,8,2,4,0,5,2.0,0.3,0
2017,Cooper Rush,DAL,24,,2,0,2,13,0,15,6.5,6.5,0
2017,Russell Shepard,CAR,27,wr,15,3,2,19,0,11,9.5,1.3,1
2017,C.J. Spiller,KAN,30,,1,0,2,0,0,1,0.0,0.0,0
2017,Lawrence Thomas,NYJ,24,fb/rb,14,4,2,1,0,1,0.5,0.1,0
2017,Deonte Thompson,2TM,28,,16,10,2,-5,0,0,-2.5,-0.3,1
2017,Scott Tolzien,IND,30,qb,1,1,2,2,0,3,1.0,2.0,1
2017,Delanie Walker,TEN,33,TE,16,11,2,-2,1,1,-1.0,-0.1,2
2017,Chad Williams,ARI,23,wr,6,1,2,33,0,33,16.5,5.5,0
2017,Maxx Williams,BAL,23,te/wr,11,8,2,6,0,4,3.0,0.5,1
2017,Terrance Williams,DAL,28,WR,16,14,2,15,0,9,7.5,0.9,0
2017,Robert Woods,LAR,25,WR,12,11,2,12,0,8,6.0,1.0,1
2017,Nelson Agholor,PHI,24,WR,16,10,1,7,0,7,7.0,0.4,0
2017,Odell Beckham,NYG,25,wr,4,2,1,8,0,8,8.0,2.0,0
2017,Josh Bellamy,CHI,28,wr,15,7,1,6,0,6,6.0,0.4,0
2017,Nat Berhe,NYG,26,,15,0,1,2,0,2,2.0,0.1,0
2017,Matthew Bosher,ATL,30,P,16,0,1,0,0,0,0.0,0.0,0
2017,Tyler Bray,KAN,26,,1,0,1,0,0,0,0.0,0.0,1
2017,John Brown,ARI,27,wr,10,5,1,10,0,10,10.0,1.0,0
2017,Dez Bryant,DAL,29,WR,16,16,1,-4,0,-4,-4.0,-0.3,1
2017,Damiere Byrd,CAR,24,wr,8,3,1,12,0,12,12.0,1.5,0
2017,Amari Cooper,OAK,23,WR,14,12,1,4,0,4,4.0,0.3,1
2017,Pharoh Cooper+,LAR,22,wr,16,1,1,6,0,6,6.0,0.4,3
2017,Austin Davis,SEA,28,,3,0,1,-1,0,-1,-1.0,-0.3,0
2017,Justin Davis,LAR,22,,4,0,1,1,0,1,1.0,0.3,0
2017,Josh Doctson,WAS,25,WR,16,14,1,-14,0,-14,-14.0,-0.9,0
2017,Phillip Dorsett,NWE,24,wr,15,2,1,7,0,7,7.0,0.5,0
2017,Nate Ebner,NWE,29,,9,0,1,14,0,14,14.0,1.6,1
2017,Evan Engram,NYG,23,TE,15,11,1,14,0,14,14.0,0.9,0
2017,Gerald Everett,LAR,23,te,16,2,1,13,0,13,13.0,0.8,1
2017,Josh Ferguson,IND,24,,10,0,1,5,0,5,5.0,0.5,0
2017,Kenny Golladay,DET,24,k/wr,11,5,1,9,0,9,9.0,0.8,0
2017,Taylor Heinicke,HOU,24,,1,0,1,2,0,2,2.0,2.0,0
2017,Rashard Higgins,CLE,23,fb/wr,15,4,1,4,0,4,4.0,0.3,1
2017,Bronson Hill,ARI,24,,2,0,1,-2,0,-2,-2.0,-1.0,0
2017,Josh Hill,NOR,27,TE,16,11,1,-8,0,-8,-8.0,-0.5,2
2017,Jacob Hollister,NWE,24,te,15,1,1,5,0,5,5.0,0.3,0
2017,Adam Humphries,TAM,24,wr,16,3,1,6,0,6,6.0,0.4,1
2017,Chris Jones,DAL,28,P,16,0,1,24,0,24,24.0,1.5,0
2017,Julio Jones,ATL,28,WR,16,16,1,15,0,15,15.0,0.9,0
2017,Cody Kessler,CLE,24,,3,0,1,-1,0,-1,-1.0,-0.3,0
2017,John Kuhn,NOR,35,fb,2,1,1,2,0,2,2.0,1.0,0
2017,Jarvis Landry,MIA,25,WR,16,16,1,-7,0,-7,-7.0,-0.4,4
2017,Marqise Lee,JAX,26,WR,14,14,1,17,0,17,17.0,1.2,1
2017,Wil Lutz,NOR,23,K,16,0,1,4,0,4,4.0,0.3,0
2017,Rishard Matthews,TEN,28,WR,14,11,1,-3,0,-3,-3.0,-0.2,0
2017,Darren McFadden,DAL,30,,1,0,1,-2,0,-2,-2.0,-2.0,0
2017,Isaiah McKenzie,DEN,22,,11,0,1,4,0,4,4.0,0.4,6
2017,Braxton Miller,HOU,25,wr,11,3,1,1,0,1,1.0,0.1,0
2017,Jojo Natson,NYJ,23,,7,0,1,15,0,15,15.0,2.1,1
2017,David Njoku,CLE,21,te,16,5,1,1,0,1,1.0,0.1,0
2017,Bobby Rainey,BAL,30,,4,0,1,2,0,2,2.0,0.5,0
2017,Kalif Raymond,2TM,23,,8,0,1,-1,0,0,-1.0,-0.1,5
2017,Kasey Redfern,DET,26,p,1,0,1,10,0,10,10.0,10.0,1
2017,John Ross,CIN,23,wr,3,1,1,12,0,12,12.0,4.0,1
2017,Torrey Smith,PHI,28,WR,16,14,1,-3,0,-3,-3.0,-0.2,0
2017,Nate Sudfeld,PHI,24,,1,0,1,22,0,22,22.0,22.0,0
2017,Adam Thielen,MIN,27,WR,16,16,1,11,0,11,11.0,0.7,3
2017,De'Anthony Thomas,KAN,24,wr,16,2,1,4,0,4,4.0,0.3,1
2017,Bryce Treggs,CLE,23,wr,6,1,1,6,0,6,6.0,1.0,1
2017,Mike Wallace,BAL,31,WR,15,14,1,4,0,4,4.0,0.3,0
2017,Eric Weems,TEN,32,,16,0,1,0,0,0,0.0,0.0,0
2017,Jermaine Whitehead,GNB,24,,10,0,1,7,0,7,7.0,0.7,0
2017,Kyle Williams,BUF,34,LDT/rdt,16,16,1,1,1,1,1.0,0.1,0
2018,Ezekiel Elliott,DAL,23,RB,15,15,304,1434,6,41,4.7,95.6,6
2018,Saquon Barkley,NYG,21,RB,16,16,261,1307,11,78,5.0,81.7,0
2018,David Johnson,ARI,27,RB,16,16,258,940,7,53,3.6,58.8,3
2018,Todd Gurley+,LAR,24,RB,14,14,256,1251,17,36,4.9,89.4,1
2018,Adrian Peterson,WAS,33,RB,16,16,251,1042,7,90,4.2,65.1,3
2018,Jordan Howard,CHI,24,RB,16,15,250,935,9,42,3.7,58.4,2
2018,Chris Carson,SEA,24,RB,14,14,247,1151,9,61,4.7,82.2,3
2018,Joe Mixon,CIN,22,RB,14,13,237,1168,8,51,4.9,83.4,0
2018,Peyton Barber,TAM,24,RB,16,16,234,871,5,28,3.7,54.4,1
2018,Christian McCaffrey,CAR,22,RB,16,16,219,1098,7,59,5.0,68.6,4
2018,James Conner,PIT,23,RB,13,12,215,973,12,30,4.5,74.8,4
2018,Derrick Henry,TEN,24,RB,16,12,215,1059,12,99,4.9,66.2,1
2018,Lamar Miller,HOU,27,RB,14,14,210,973,5,97,4.6,69.5,1
2018,Sony Michel,NWE,23,RB,13,8,209,931,6,34,4.5,71.6,1
2018,Marlon Mack,IND,22,RB,12,10,195,908,9,49,4.7,75.7,2
2018,Alvin Kamara,NOR,23,RB,15,13,194,883,14,49,4.6,58.9,1
2018,Nick Chubb,CLE,23,RB,16,9,192,996,8,92,5.2,62.3,0
2018,Phillip Lindsay,DEN,24,RB,15,8,192,1037,9,65,5.4,69.1,0
2018,Kareem Hunt,KAN,23,RB,11,11,181,824,7,45,4.6,74.9,0
2018,Melvin Gordon,LAC,25,RB,12,12,175,885,10,34,5.1,73.8,1
2018,Carlos Hyde,2TM,28,,14,7,172,571,5,22,3.3,40.8,2
2018,Doug Martin,OAK,29,RB,16,9,172,723,4,29,4.2,45.2,3
2018,Tevin Coleman,ATL,25,RB,16,14,167,800,4,65,4.8,50.0,2
2018,LeSean McCoy,BUF,30,RB,14,13,161,514,3,28,3.2,36.7,0
2018,Frank Gore,MIA,35,RB,14,14,156,722,0,39,4.6,51.6,1
2018,Dion Lewis,TEN,28,rb,16,7,155,517,1,36,3.3,32.3,1
2018,LeGarrette Blount,DET,32,RB,16,8,154,418,5,27,2.7,26.1,2
2018,Matt Breida,SFO,23,RB,14,13,153,814,3,66,5.3,58.1,1
2018,Alfred Blue,HOU,27,rb,16,2,150,499,2,17,3.3,31.2,0
2018,Lamar Jackson,BAL,21,qb,16,7,147,695,5,39,4.7,43.4,12
2018,Isaiah Crowell,NYJ,25,rb,13,6,143,685,6,77,4.8,52.7,0
2018,Latavius Murray,MIN,28,rb,16,6,140,578,6,38,4.1,36.1,0
2018,Mark Ingram,NOR,29,rb,12,6,138,645,6,38,4.7,53.8,3
2018,Gus Edwards,BAL,23,rb,11,6,137,718,2,43,5.2,65.3,0
2018,Dalvin Cook,MIN,23,RB,11,10,133,615,2,70,4.6,55.9,2
2018,Leonard Fournette,JAX,23,RB,8,8,133,439,5,25,3.3,54.9,0
2018,Aaron Jones,GNB,24,RB,12,8,133,728,8,67,5.5,60.7,1
2018,Royce Freeman,DEN,22,RB,14,8,130,521,5,24,4.0,37.2,1
2018,Jamaal Williams,GNB,23,RB,16,8,121,464,3,20,3.8,29.0,0
2018,Josh Adams,PHI,22,rb,14,5,120,511,3,29,4.3,36.5,1
2018,Kenyan Drake,MIA,24,rb,16,7,120,535,4,54,4.5,33.4,2
2018,Kerryon Johnson,DET,21,rb/wr,10,7,118,641,3,71,5.4,64.1,1
2018,Chris Ivory,BUF,30,rb,13,1,115,385,1,21,3.3,29.6,1
2018,Alex Collins,BAL,24,RB,10,10,114,411,7,19,3.6,41.1,3
2018,Mike Davis,SEA,25,rb,15,2,112,514,4,37,4.6,34.3,0
2018,Alfred Morris,SFO,30,rb,12,1,111,428,2,51,3.9,35.7,2
2018,Austin Ekeler,LAC,23,rb,14,3,106,554,3,41,5.2,39.6,1
2018,T.J. Yeldon,JAX,25,rb,14,5,104,414,1,20,4.0,29.6,1
2018,Cam Newton,CAR,29,QB,14,14,101,488,4,29,4.8,34.9,6
2018,Tarik Cohen+,CHI,23,rb/wr,16,7,99,444,3,32,4.5,27.8,7
2018,Deshaun Watson,HOU,23,QB,16,16,99,551,5,34,5.6,34.4,9
2018,James White,NWE,26,rb,16,3,94,425,5,27,4.5,26.6,0
2018,Elijah McGuire,NYJ,24,rb,8,3,92,276,3,34,3.0,34.5,2
2018,Marshawn Lynch,OAK,32,rb,6,6,90,376,3,52,4.2,62.7,0
2018,Ito Smith,ATL,23,,14,0,90,315,4,18,3.5,22.5,1
2018,Josh Allen,BUF,22,QB,12,11,89,631,8,45,7.1,52.6,8
2018,Wendell Smallwood,PHI,24,rb,16,6,87,364,3,15,4.2,22.8,2
2018,Nyheim Hines,IND,22,rb,16,4,85,314,2,18,3.7,19.6,1
2018,Rashaad Penny,SEA,22,,14,0,85,419,2,38,4.9,29.9,0
2018,Bilal Powell,NYJ,30,rb,7,7,80,343,0,38,4.3,49.0,2
2018,Dak Prescott,DAL,25,QB,16,16,75,305,6,28,4.1,19.1,12
2018,Corey Clement,PHI,24,,11,0,68,259,2,32,3.8,23.5,4
2018,Mitchell Trubisky,CHI,24,QB,14,14,68,421,3,39,6.2,30.1,6
2018,C.J. Anderson,2TM,27,,11,3,67,403,2,46,6.0,36.6,0
2018,Russell Wilson,SEA,30,QB,16,16,67,376,0,40,5.6,23.5,10
2018,Jeff Wilson,SFO,23,rb,6,2,66,266,0,18,4.0,44.3,3
2018,Marcus Mariota,TEN,25,QB,14,13,64,357,2,27,5.6,25.5,9
2018,Kenneth Dixon,BAL,24,,6,0,60,333,2,37,5.6,55.5,2
2018,Chase Edmonds,ARI,22,,16,0,60,208,2,29,3.5,13.0,1
2018,Patrick Mahomes+,KAN,23,QB,16,16,60,272,2,28,4.5,17.0,9
2018,Jordan Wilkins,IND,24,rb,16,3,60,336,1,53,5.6,21.0,2
2018,Blake Bortles,JAX,26,QB,13,12,58,365,1,41,6.3,28.1,8
2018,Rex Burkhead,NWE,28,rb/wr,8,4,57,186,0,12,3.3,23.3,2
2018,Giovani Bernard,CIN,27,rb,12,4,56,211,3,23,3.8,17.6,0
2018,Jaylen Samuels,PIT,22,rb,14,3,56,256,0,25,4.6,18.3,1
2018,Jalen Richard,OAK,25,rb,16,1,55,259,1,30,4.7,16.2,3
2018,Zach Zenner,DET,27,rb,8,1,55,265,3,29,4.8,33.1,0
2018,Marcus Murphy,BUF,27,rb,11,1,52,250,0,30,4.8,22.7,1
2018,Wayne Gallman,NYG,24,rb,15,2,51,176,1,9,3.5,11.7,2
2018,Spencer Ware,KAN,27,rb,13,2,51,246,2,34,4.8,18.9,0
2018,Justin Jackson,LAC,23,rb,13,1,50,206,2,20,4.1,15.8,0
2018,Damien Williams,KAN,26,rb,16,3,50,256,4,25,5.1,16.0,1
2018,Jameis Winston,TAM,24,QB,11,9,49,281,1,18,5.7,25.5,7
2018,Andrew Luck,IND,29,QB,16,16,46,148,0,33,3.2,9.3,6
2018,Jay Ajayi,PHI,25,rb,4,3,45,184,3,20,4.1,46.0,1
2018,Kirk Cousins,MIN,30,QB,16,16,44,123,1,19,2.8,7.7,9
2018,Sam Darnold,NYJ,21,QB,13,13,44,138,1,28,3.1,10.6,5
2018,Rod Smith,DAL,26,rb,16,1,44,127,1,14,2.9,7.9,0
2018,Malcolm Brown,LAR,25,,12,0,43,212,0,19,4.9,17.7,0
2018,Jared Goff,LAR,24,QB,16,16,43,108,2,16,2.5,6.8,12
2018,Aaron Rodgers,GNB,35,QB,16,16,43,269,2,23,6.3,16.8,6
2018,Chris Thompson,WAS,28,,10,0,43,178,0,16,4.1,17.8,1
2018,Cordarrelle Patterson,NWE,27,rb/wr,15,5,42,228,1,27,5.4,15.2,1
2018,Javorius Allen,BAL,27,,14,0,41,110,3,17,2.7,7.9,1
2018,Ty Montgomery,2TM,25,,13,0,41,188,1,16,4.6,14.5,2
2018,Alex Smith,WAS,34,QB,10,10,41,168,1,22,4.1,16.8,6
2018,Duke Johnson,CLE,25,rb,16,2,40,201,0,23,5.0,12.6,1
2018,Theo Riddick,DET,27,wr,14,3,40,171,0,19,4.3,12.2,0
2018,Baker Mayfield,CLE,23,QB,14,13,39,131,0,35,3.4,9.4,7
2018,Trenton Cannon,NYJ,24,,16,0,38,113,1,21,3.0,7.1,0
2018,Taysom Hill,NOR,28,te/wr,16,4,37,196,2,35,5.3,12.3,1
2018,Kalen Ballage,MIA,23,,12,0,36,191,1,75,5.3,15.9,1
2018,Ryan Fitzpatrick,TAM,36,qb,8,7,36,152,2,18,4.2,19.0,4
2018,Devontae Booker,DEN,26,,16,0,34,183,1,26,5.4,11.4,1
2018,Raheem Mostert,SFO,26,,9,0,34,261,1,52,7.7,29.0,1
2018,Carson Wentz,PHI,26,QB,11,11,34,93,0,13,2.7,8.5,9
2018,Jacquizz Rodgers,TAM,28,,16,0,33,106,1,20,3.2,6.6,1
2018,Matt Ryan,ATL,33,QB,16,16,33,125,3,15,3.8,7.8,10
2018,Ryan Tannehill,MIA,30,QB,11,11,32,145,0,20,4.5,13.2,5
2018,Drew Brees,NOR,39,QB,15,15,31,22,4,11,0.7,1.5,5
2018,Ben Roethlisberger,PIT,36,QB,16,16,31,98,3,18,3.2,6.1,7
2018,DeAndre Washington,OAK,25,,10,0,30,115,0,13,3.8,11.5,1
2018,Stevan Ridley,PIT,29,,10,0,29,80,1,12,2.8,8.0,2
2018,Darren Sproles,PHI,35,rb,6,2,29,120,1,17,4.1,20.0,0
2018,John Kelly,LAR,22,,4,0,27,74,0,7,2.7,18.5,0
2018,Dwayne Washington,NOR,24,,13,0,27,154,0,28,5.7,11.8,0
2018,Case Keenum,DEN,30,QB,16,16,26,93,2,17,3.6,5.8,11
2018,Jeff Driskel,CIN,25,qb,9,5,25,130,2,27,5.2,14.4,4
2018,Matthew Stafford,DET,30,QB,16,16,25,71,0,10,2.8,4.4,6
2018,Derek Carr,OAK,27,QB,16,16,24,47,1,15,2.0,2.9,12
2018,Tom Brady,NWE,41,QB,16,16,23,35,2,10,1.5,2.2,4
2018,Josh Johnson,WAS,32,qb,4,3,23,120,1,16,5.2,30.0,2
2018,Ronald Jones,TAM,21,,9,0,23,44,1,9,1.9,4.9,0
2018,Josh Rosen,ARI,21,QB,14,13,23,138,0,33,6.0,9.9,10
2018,Tyreek Hill+,KAN,24,WR,16,16,22,151,1,33,6.9,9.4,0
2018,Kapri Bibbs,2TM,25,,12,0,21,103,3,15,4.9,8.6,1
2018,Keith Ford,BUF,24,rb,2,1,21,79,0,11,3.8,39.5,0
2018,Brian Hill,ATL,23,,10,0,20,157,0,60,7.9,15.7,1
2018,Cameron Artis-Payne,CAR,28,,9,0,19,69,1,15,3.6,7.7,0
2018,Kenjon Barner,2TM,28,,9,0,19,71,0,11,3.7,7.9,1
2018,C.J. Beathard,SFO,25,qb,6,5,19,69,1,13,3.6,11.5,5
2018,Joe Flacco,BAL,33,QB,9,9,19,45,0,13,2.4,5.0,3
2018,Cody Kessler,JAX,25,qb,5,4,19,123,0,21,6.5,24.6,5
2018,Robert Woods,LAR,26,WR,16,16,19,157,1,56,8.3,9.8,0
2018,Nick Mullens,SFO,23,QB,8,8,18,-16,0,2,-0.9,-2.0,2
2018,Philip Rivers,LAC,37,QB,16,16,18,7,0,7,0.4,0.4,2
2018,Andy Dalton,CIN,31,QB,11,11,16,99,0,21,6.2,9.0,1
2018,Mike Gillislee,NOR,28,,4,0,16,43,0,5,2.7,10.8,1
2018,Tyrod Taylor,CLE,29,qb,4,3,16,125,1,24,7.8,31.3,3
2018,Eli Manning,NYG,37,QB,16,16,15,20,1,7,1.3,1.3,7
2018,Devonta Freeman,ATL,26,rb,2,2,14,68,0,20,4.9,34.0,0
2018,Mark Walton,CIN,21,,14,0,14,34,0,10,2.4,2.4,0
2018,Chase Daniel,CHI,32,qb,5,2,13,3,0,4,0.2,0.6,4
2018,Corey Grant,JAX,27,rb,5,1,13,40,0,8,3.1,8.0,0
2018,Tyler Lockett,SEA,26,WR,16,14,13,69,0,18,5.3,4.3,2
2018,D.J. Moore,CAR,21,WR,16,10,13,172,0,32,13.2,10.8,4
2018,Darrel Williams,KAN,23,,6,0,13,44,0,8,3.4,7.3,0
2018,Mike Boone,MIN,23,,8,0,11,47,0,20,4.3,5.9,0
2018,Teddy Bridgewater,NOR,26,qb,5,1,11,5,0,9,0.5,1.0,0
2018,Travaris Cadet,CAR,29,,1,0,11,17,0,5,1.5,17.0,0
2018,Benny Cunningham,CHI,28,,15,0,11,20,0,6,1.8,1.3,0
2018,Brian Hoyer,NWE,33,,5,0,11,-8,0,2,-0.7,-1.6,0
2018,Detrez Newsome,LAC,24,,9,0,11,49,0,16,4.5,5.4,0
2018,Brandin Cooks,LAR,25,WR,16,16,10,68,1,17,6.8,4.3,1
2018,Stefon Diggs,MIN,25,WR,15,14,10,62,0,20,6.2,4.1,0
2018,Colt McCoy,WAS,32,qb,3,2,10,63,0,15,6.3,21.0,1
2018,Isaiah McKenzie,2TM,23,,8,1,10,66,2,15,6.6,8.3,2
2018,Nathan Peterman,BUF,24,qb,4,2,10,50,1,24,5.0,12.5,0
2018,Keenan Allen,LAC,26,WR,16,14,9,75,0,28,8.3,4.7,3
2018,Alex Armah,CAR,24,fb/wr,16,2,9,15,2,4,1.7,0.9,0
2018,Julian Edelman,NWE,32,WR,12,12,9,107,0,20,11.9,8.9,1
2018,Nick Foles,PHI,29,qb,5,5,9,17,0,4,1.9,3.4,4
2018,Taylor Gabriel,CHI,27,WR,16,11,9,61,0,20,6.8,3.8,1
2018,Jeremy Langford,ATL,27,,1,0,9,25,0,7,2.8,25.0,0
2018,Zach Line,NOR,28,fb,16,6,9,41,0,9,4.6,2.6,0
2018,Taquan Mizzell,CHI,25,wr,9,1,9,16,0,7,1.8,1.8,0
2018,Dede Westbrook,JAX,25,WR,16,9,9,98,0,43,10.9,6.1,3
2018,Brandon Bolden,MIA,28,,16,0,8,91,2,54,11.4,5.7,1
2018,Jimmy Garoppolo,SFO,27,qb,3,3,8,33,0,13,4.1,11.0,4
2018,Kyle Juszczyk,SFO,27,FB,16,14,8,30,0,12,3.8,1.9,2
2018,Brock Osweiler,MIA,28,qb,7,5,8,21,0,7,2.6,3.0,1
2018,Samaje Perine,WAS,23,,5,0,8,32,0,11,4.0,6.4,0
2018,Curtis Samuel,CAR,22,WR,13,8,8,84,2,33,10.5,6.5,1
2018,Geno Smith,LAC,28,,5,0,8,2,0,9,0.3,0.4,1
2018,Roc Thomas,MIN,23,,5,0,8,30,0,23,3.8,6.0,0
2018,David Williams,JAX,24,,6,0,8,36,0,15,4.5,6.0,0
2018,Albert Wilson,MIA,26,wr,7,3,8,16,0,5,2.0,2.3,0
2018,Travis Benjamin,LAC,29,wr,12,3,7,41,0,19,5.9,3.4,0
2018,Jacoby Brissett,IND,26,,4,0,7,-7,0,-1,-1.0,-1.8,0
2018,D'Onta Foreman,HOU,22,,1,0,7,-1,0,2,-0.1,-1.0,1
2018,Sean Mannion,LAR,26,,3,0,7,-9,0,3,-1.3,-3.0,0
2018,Elijhaa Penny,NYG,25,rb,14,3,7,25,0,8,3.6,1.8,0
2018,Mohamed Sanu,ATL,29,WR,16,16,7,44,0,24,6.3,2.8,2
2018,Mike Williams,LAC,24,wr,16,5,7,28,1,19,4.0,1.8,0
2018,Tavon Austin,DAL,28,,7,0,6,55,0,18,9.2,7.9,0
2018,Jamaal Charles,JAX,32,,2,0,6,7,0,5,1.2,3.5,0
2018,Corey Davis,TEN,23,WR,16,16,6,55,0,39,9.2,3.4,1
2018,James Develin,NWE,30,fb/rb/te,16,8,6,8,4,2,1.3,0.5,0
2018,Blaine Gabbert,TEN,29,qb,8,3,6,0,0,1,0.0,0.0,0
2018,C.J. Ham,MIN,25,rb/te,15,2,6,8,0,5,1.3,0.5,0
2018,Darius Jackson,2TM,25,,4,0,6,16,0,4,2.7,4.0,0
2018,DeSean Jackson,TAM,32,WR,12,10,6,29,1,14,4.8,2.4,0
2018,Anthony Miller,CHI,24,wr,15,4,6,26,0,9,4.3,1.7,1
2018,Calvin Ridley,ATL,24,wr,16,5,6,27,0,9,4.5,1.7,2
2018,Jonathan Stewart,NYG,31,,3,0,6,17,0,5,2.8,5.7,0
2018,Ryan Switzer,PIT,24,wr,16,1,6,21,0,8,3.5,1.3,2
2018,Brandon Wilds,JAX,25,,3,0,6,15,0,5,2.5,5.0,0
2018,Shaun Wilson,TAM,23,,5,0,6,29,0,9,4.8,5.8,0
2018,Kyle Allen,CAR,22,qb,2,1,5,19,1,10,3.8,9.5,0
2018,Odell Beckham,NYG,26,WR,12,12,5,19,0,11,3.8,1.6,2
2018,Taylor Heinicke,CAR,25,qb,6,1,5,31,0,19,6.2,5.2,1
2018,DeShone Kizer,GNB,22,,3,0,5,39,0,12,7.8,13.0,1
2018,Josh McCown,NYJ,39,qb,4,3,5,32,0,12,6.4,8.0,0
2018,Chris Moore,BAL,25,,16,0,5,17,0,9,3.4,1.1,0
2018,Adam Thielen,MIN,28,WR,16,16,5,30,0,15,6.0,1.9,1
2018,Sammy Watkins,KAN,25,WR,10,9,5,52,0,31,10.4,5.2,1
2018,Jamison Crowder,WAS,25,wr,9,7,4,30,0,25,7.5,3.3,0
2018,Joshua Dobbs,PIT,23,,5,0,4,11,0,10,2.8,2.2,0
2018,Phillip Dorsett,NWE,25,wr,16,2,4,29,0,17,7.3,1.8,0
2018,David Fluellen,TEN,26,,7,0,4,16,0,13,4.0,2.3,0
2018,Marquise Goodwin,SFO,28,WR,11,8,4,9,0,5,2.3,0.8,1
2018,Jeremy Hill,NWE,26,,1,0,4,25,0,11,6.3,25.0,0
2018,Robert Kelley,WAS,26,,2,0,4,8,0,6,2.0,4.0,0
2018,Cooper Kupp,LAR,25,WR,8,8,4,25,0,12,6.3,3.1,0
2018,Jeremy McNichols,2TM,23,,2,0,4,8,0,7,2.0,4.0,0
2018,JJ Nelson,ARI,26,wr,14,2,4,0,0,8,0.0,0.0,0
2018,Breshad Perriman,CLE,25,wr,10,2,4,2,0,7,0.5,0.2,0
2018,John Ross,CIN,24,WR,13,10,4,9,0,7,2.3,0.7,0
2018,Emmanuel Sanders,DEN,31,WR,12,12,4,53,1,35,13.3,4.4,1
2018,Golden Tate,2TM,30,,15,8,4,34,0,30,8.5,2.3,3
2018,Robert Turbin,IND,29,,2,0,4,10,0,5,2.5,5.0,1
2018,Derek Watt,LAC,26,fb,16,5,4,11,0,8,2.8,0.7,0
2018,Nelson Agholor,PHI,25,WR,16,16,3,32,0,16,10.7,2.0,1
2018,Matt Barkley,BUF,28,qb,1,1,3,-2,0,0,-0.7,-2.0,0
2018,John Brown,BAL,28,WR,16,15,3,4,0,3,1.3,0.3,0
2018,Martavis Bryant,OAK,27,wr,8,2,3,23,0,17,7.7,2.9,1
2018,Keke Coutee,HOU,21,wr,6,2,3,0,0,3,0.0,0.0,0
2018,Eric Ebron,IND,25,te/wr,16,8,3,-8,1,2,-2.7,-0.5,1
2018,Evan Engram,NYG,24,TE,11,8,3,36,0,14,12.0,3.3,0
2018,Alex Erickson,CIN,26,wr,16,6,3,22,0,14,7.3,1.4,1
2018,Ted Ginn,NOR,33,wr,5,3,3,26,0,20,8.7,5.2,1
2018,Christian Kirk,ARI,22,wr,12,7,3,35,0,23,11.7,2.9,0
2018,Jarvis Landry,CLE,26,WR,16,14,3,60,1,51,20.0,3.8,1
2018,Tre Madden,SEA,25,fb,14,3,3,3,0,2,1.0,0.2,0
2018,Byron Marshall,WAS,24,,6,0,3,9,0,4,3.0,1.5,0
2018,A.J. McCarron,OAK,28,,2,0,3,-2,0,0,-0.7,-1.0,1
2018,J.D. McKissic,SEA,25,,5,0,3,8,0,6,2.7,1.6,0
2018,Tim Patrick,DEN,25,wr,16,4,3,17,0,13,5.7,1.1,2
2018,Seth Roberts,OAK,27,wr,15,7,3,5,0,11,1.7,0.3,0
2018,Sterling Shepard,NYG,25,WR,16,16,3,33,0,27,11.0,2.1,1
2018,Jonathan Williams,NOR,24,,3,0,3,0,0,1,0.0,0.0,0
2018,Maxx Williams,BAL,24,te,13,6,3,8,0,7,2.7,0.6,0
2018,Robby Anderson,NYJ,25,WR,14,9,2,-8,0,1,-4.0,-0.6,2
2018,Tyler Boyd,CIN,24,WR,14,14,2,3,0,5,1.5,0.2,0
2018,Sam Bradford,ARI,31,qb,3,3,2,7,0,8,3.5,2.3,3
2018,Antonio Callaway,CLE,21,WR,16,11,2,7,0,15,3.5,0.4,1
2018,Matt Cassel,DET,36,,2,0,2,13,0,14,6.5,6.5,0
2018,Derrick Coleman,ARI,28,fb,16,4,2,3,0,2,1.5,0.2,0
2018,Amari Cooper,2TM,24,,15,15,2,20,0,11,10.0,1.3,2
2018,Justin Davis,LAR,23,,11,0,2,19,0,19,9.5,1.7,0
2018,Gerald Everett,LAR,24,,16,0,2,16,0,12,8.0,1.0,0
2018,Clayton Fejedelem,CIN,25,db,16,1,2,6,0,6,3.0,0.4,1
2018,Marvin Hall,ATL,25,,16,0,2,0,0,3,0.0,0.0,0
2018,Dwayne Harris,OAK,31,wr,15,1,2,12,0,13,6.0,0.8,2
2018,Maurice Harris,WAS,26,wr,12,7,2,10,0,6,5.0,0.8,1
2018,De'Angelo Henderson,NYJ,26,,3,0,2,19,0,13,9.5,6.3,1
2018,Adam Humphries,TAM,25,WR,16,10,2,11,0,7,5.5,0.7,2
2018,Andy Janovich,DEN,25,fb,16,7,2,5,0,3,2.5,0.3,0
2018,Julio Jones,ATL,29,WR,16,16,2,12,0,11,6.0,0.8,2
2018,Jourdan Lewis,DAL,23,cb,15,1,2,12,0,7,6.0,0.8,0
2018,Tommylee Lewis,NOR,26,wr,7,3,2,10,0,6,5.0,1.4,1
2018,T.J. Logan,ARI,24,,10,0,2,2,0,5,1.0,0.2,0
2018,Ray-Ray McCloud,BUF,22,fb,10,1,2,4,0,7,2.0,0.4,2
2018,Christine Michael,IND,28,,1,0,2,9,0,8,4.5,9.0,0
2018,Zach Pascal,IND,24,wr,16,4,2,10,0,8,5.0,0.6,0
2018,Josh Reynolds,LAR,23,WR,16,8,2,8,0,10,4.0,0.5,0
2018,Paul Richardson,WAS,26,wr,7,4,2,9,0,7,4.5,1.3,0
2018,Andre Roberts+,NYJ,30,wr,16,1,2,20,0,18,10.0,1.3,3
2018,Nate Sudfeld,PHI,25,,2,0,2,-2,0,-1,-1.0,-1.0,0
2018,Marquez Valdes-Scantling,GNB,24,WR,16,10,2,29,0,21,14.5,1.8,0
2018,Charcandrick West,KAN,27,,3,0,2,-1,0,1,-0.5,-0.3,0
2018,Tyrell Williams,LAC,26,lcb/wr,16,10,2,15,0,14,7.5,0.9,2
2018,Jarius Wright,CAR,29,fb/wr,16,6,2,39,0,34,19.5,2.4,3
2018,Ameer Abdullah,2TM,25,,10,0,1,1,0,1,1.0,0.1,1
2018,Jamal Agnew,DET,23,,6,0,1,17,0,17,17.0,2.8,1
2018,Danny Amendola,MIA,33,WR,15,15,1,-2,0,-2,-2.0,-0.1,2
2018,Derek Anderson,BUF,35,qb,2,2,1,-1,0,-1,-1.0,-0.5,3
2018,Cameron Batson,TEN,23,wr,11,2,1,1,0,1,1.0,0.1,1
2018,Nick Bellore,DET,29,fb,14,4,1,0,0,0,0.0,0.0,0
2018,Tommy Bohanon,JAX,28,fb,16,6,1,0,0,0,0.0,0.0,0
2018,Corey Bojorquez,BUF,22,P,8,0,1,0,0,0,0.0,0.0,2
2018,Trey Burton,CHI,27,TE,16,16,1,2,0,2,2.0,0.1,1
2018,Leonte Carroo,MIA,24,,9,0,1,14,0,14,14.0,1.6,0
2018,DeAndre Carter,2TM,25,,14,4,1,7,0,7,7.0,0.5,5
2018,Jehu Chesson,WAS,25,,12,0,1,-4,0,-4,-4.0,-0.3,0
2018,Corey Coleman,NYG,24,wr,8,1,1,5,0,5,5.0,0.6,0
2018,Ed Dickson,SEA,31,te,10,1,1,9,0,9,9.0,0.9,0
2018,Michael Dickson+,SEA,22,P,16,0,1,9,0,9,9.0,0.6,0
2018,Patrick DiMarco,BUF,29,fb,16,5,1,9,0,9,9.0,0.6,0
2018,Riley Dixon,NYG,25,P,16,0,1,14,0,14,14.0,0.9,0
2018,Bruce Ellington,2TM,27,,7,3,1,2,0,2,2.0,0.3,1
2018,Quincy Enunwa,NYJ,26,WR,11,10,1,0,0,0,0.0,0.0,2
2018,Kenny Golladay,DET,25,WR,15,13,1,8,0,8,8.0,0.5,1
2018,Jakeem Grant,MIA,26,wr,10,2,1,5,0,5,5.0,0.5,0
2018,Raven Greene,GNB,23,,8,0,1,26,0,26,26.0,3.3,0
2018,Jeff Heath,DAL,27,fs/SS,16,16,1,3,0,3,3.0,0.2,0
2018,Johnny Hekker,LAR,28,P,16,0,1,3,0,3,3.0,0.2,0
2018,Chad Henne,KAN,33,,1,0,1,3,0,3,3.0,3.0,0
2018,Darrius Heyward-Bey,PIT,31,wr,14,2,1,-7,0,-7,-7.0,-0.5,0
2018,Akiem Hicks,CHI,29,DT/ldt,16,16,1,1,1,1,1.0,0.1,0
2018,DeAndre Hopkins+,HOU,26,WR,16,16,1,-7,0,-7,-7.0,-0.4,2
2018,Hayden Hurst,BAL,25,,12,0,1,0,0,0,0.0,0.0,0
2018,Melvin Ingram,LAC,29,DE,16,16,1,0,0,0,0.0,0.0,1
2018,Darius Jennings,TEN,26,,16,0,1,2,0,2,2.0,0.1,0
2018,Marcus Johnson,IND,24,,5,0,1,-2,0,-2,-2.0,-0.4,0
2018,JJ Jones,2TM,26,,4,0,1,0,0,0,0.0,0.0,2
2018,Zay Jones,BUF,23,WR,16,15,1,0,0,0,0.0,0.0,1
2018,Chad Kelly,DEN,24,,1,0,1,-1,0,-1,-1.0,-1.0,0
2018,George Kittle,SFO,25,TE,16,16,1,10,0,10,10.0,0.6,0
2018,Kyle Lauletta,NYG,23,,2,0,1,-2,0,-2,-2.0,-1.0,0
2018,Rontez Miles,NYJ,30,fs,8,1,1,4,0,4,4.0,0.5,1
2018,David Moore,SEA,23,wr,16,7,1,5,0,5,5.0,0.3,2
2018,Jordy Nelson,OAK,33,WR,15,14,1,-2,0,-2,-2.0,-0.1,1
2018,Roosevelt Nix,PIT,26,,16,0,1,4,0,4,4.0,0.3,0
2018,Niles Paul,JAX,29,te,6,1,1,-3,0,-3,-3.0,-0.5,0
2018,Dante Pettis,SFO,23,wr,12,7,1,-2,0,-2,-2.0,-0.2,2
2018,Brandon Powell,DET,22,wr,6,1,1,4,0,4,4.0,0.7,0
2018,C.J. Prosise,SEA,24,,5,0,1,-3,0,-3,-3.0,-0.6,0
2018,Terrelle Pryor,2TM,29,,8,1,1,-1,0,0,-1.0,-0.1,0
2018,Trey Quinn,WAS,23,wr,3,2,1,0,0,0,0.0,0.0,0
2018,Allen Robinson,CHI,25,WR,13,12,1,9,0,9,9.0,0.7,1
2018,Chester Rogers,IND,24,WR,16,10,1,-4,0,-4,-4.0,-0.3,1
2018,Eli Rogers,PIT,26,wr,3,3,1,-4,0,-4,-4.0,-1.3,1
2018,Mark Sanchez,WAS,32,qb,2,1,1,8,0,8,8.0,4.0,1
2018,Matt Schaub,ATL,37,,3,0,1,0,0,0,0.0,0.0,1
2018,Tajae Sharpe,TEN,24,WR,16,13,1,16,0,16,16.0,1.0,0
2018,Anthony Sherman,KAN,30,fb,16,1,1,2,0,2,2.0,0.1,0
2018,Keith Smith,OAK,26,fb,16,3,1,0,0,0,0.0,0.0,0
2018,JuJu Smith-Schuster,PIT,22,WR,16,13,1,13,0,13,13.0,0.8,1
2018,Willie Snead,BAL,26,WR,16,10,1,13,0,13,13.0,0.8,0
2018,Equanimeous St. Brown,GNB,22,wr,12,7,1,5,0,5,5.0,0.4,0
2018,Luke Stocker,TEN,30,TE,16,11,1,0,0,0,0.0,0.0,0
2018,Rod Streater,CLE,30,,3,0,1,-11,0,-11,-11.0,-3.7,0
2018,Courtland Sutton,DEN,23,WR,16,9,1,-1,0,-1,-1.0,-0.1,0
2018,De'Anthony Thomas,KAN,25,,5,0,1,6,0,6,6.0,1.2,1
2018,Johnny Townsend,OAK,23,P,16,0,1,42,0,42,42.0,2.6,0
2018,De'Lance Turner,BAL,23,,4,0,1,4,0,4,4.0,1.0,0
2018,Darren Waller,OAK,26,,4,0,1,21,0,21,21.0,5.3,0
2018,Brandon Weeden,HOU,35,,1,0,1,-1,0,-1,-1.0,-1.0,0
2018,Chad Williams,ARI,24,wr,10,7,1,9,0,9,9.0,0.9,0
2018,Tavon Wilson,DET,28,db/s/ss,15,3,1,7,0,7,7.0,0.5,0
