year,player,team,age,pos,g,gs,targets,rec,catch_pct,rec_yds,rec_yds_per_rec,rec_td,rec_long,rec_yds_per_tgt,rec_per_g,rec_yds_per_g,fumbles
2017,Jarvis Landry,MIA,25,WR,16,16,161,112,69.6%,987,8.8,9,49,6.1,7.0,61.7,4
2017,Larry Fitzgerald,ARI,34,WR,16,16,161,109,67.7%,1156,10.6,6,37,7.2,6.8,72.3,1
2017,Michael Thomas,NOR,24,WR,16,14,149,104,69.8%,1245,12.0,5,43,8.4,6.5,77.8,0
2017,Keenan Allen,LAC,25,WR,16,15,159,102,64.2%,1393,13.7,6,51,8.8,6.4,87.1,1
2017,Antonio Brown+,PIT,29,WR,14,14,163,101,62.0%,1533,15.2,9,57,9.4,7.2,109.5,4
2017,DeAndre Hopkins+,HOU,25,WR,15,15,174,96,55.2%,1378,14.4,13,72,7.9,6.4,91.9,1
2017,Golden Tate,DET,29,WR,16,12,120,92,76.7%,1003,10.9,5,71,8.4,5.8,62.7,1
2017,Adam Thielen,MIN,27,WR,16,16,142,91,64.1%,1276,14.0,4,65,9.0,5.7,79.8,3
2017,Julio Jones,ATL,28,WR,16,16,148,88,59.5%,1444,16.4,3,53,9.8,5.5,90.3,0
2017,Le'Veon Bell+,PIT,25,RB,15,15,106,85,80.2%,655,7.7,2,42,6.2,5.7,43.7,3
2017,Travis Kelce,KAN,28,TE,15,15,122,83,68.0%,1038,12.5,8,44,8.5,5.5,69.2,0
2017,Demaryius Thomas,DEN,30,WR,16,16,140,83,59.3%,949,11.4,5,40,6.8,5.2,59.3,1
2017,Alvin Kamara,NOR,22,fb/rb,16,3,100,81,81.0%,826,10.2,5,40,8.3,5.1,51.6,1
2017,Jack Doyle,IND,27,TE,15,15,108,80,74.1%,690,8.6,4,26,6.4,5.3,46.0,2
2017,Christian McCaffrey,CAR,21,RB,16,10,113,80,70.8%,651,8.1,5,37,5.8,5.0,40.7,2
2017,Doug Baldwin,SEA,29,WR,16,16,116,75,64.7%,991,13.2,8,54,8.5,4.7,61.9,0
2017,A.J. Green,CIN,29,WR,16,16,143,75,52.4%,1078,14.4,8,77,7.5,4.7,67.4,2
2017,Tyreek Hill,KAN,23,WR,15,13,105,75,71.4%,1183,15.8,7,79,11.3,5.0,78.9,2
2017,Davante Adams,GNB,25,WR,14,14,117,74,63.2%,885,12.0,10,55,7.6,5.3,63.2,0
2017,Zach Ertz,PHI,27,TE,14,13,110,74,67.3%,824,11.1,8,53,7.5,5.3,58.9,1
2017,Duke Johnson,CLE,24,,16,0,93,74,79.6%,693,9.4,3,41,7.5,4.6,43.3,4
2017,Delanie Walker,TEN,33,TE,16,11,111,74,66.7%,807,10.9,3,42,7.3,4.6,50.4,2
2017,Mike Evans,TAM,24,WR,15,15,136,71,52.2%,1001,14.1,5,42,7.4,4.7,66.7,1
2017,Dez Bryant,DAL,29,WR,16,16,132,69,52.3%,838,12.1,6,50,6.3,4.3,52.4,1
2017,Rob Gronkowski+,NWE,28,TE,14,14,105,69,65.7%,1084,15.7,8,53,10.3,4.9,77.4,1
2017,Mohamed Sanu,ATL,28,WR,15,15,96,67,69.8%,703,10.5,5,25,7.3,4.5,46.9,0
2017,Randall Cobb,GNB,27,WR,15,14,92,66,71.7%,653,9.9,4,46,7.1,4.4,43.5,1
2017,Jamison Crowder,WAS,24,wr,15,6,103,66,64.1%,789,12.0,3,41,7.7,4.4,52.6,6
2017,Brandin Cooks,NWE,24,WR,16,15,114,65,57.0%,1082,16.6,7,64,9.5,4.1,67.6,0
2017,Jermaine Kearse,NYJ,27,WR,16,14,102,65,63.7%,810,12.5,5,51,7.9,4.1,50.6,1
2017,Stefon Diggs,MIN,24,WR,14,14,95,64,67.4%,849,13.3,8,59,8.9,4.6,60.6,0
2017,Evan Engram,NYG,23,TE,15,11,115,64,55.7%,722,11.3,6,35,6.3,4.3,48.1,0
2017,Todd Gurley+,LAR,23,RB,15,15,87,64,73.6%,788,12.3,6,80,9.1,4.3,52.5,5
2017,Robby Anderson,NYJ,24,WR,16,15,114,63,55.3%,941,14.9,7,69,8.3,3.9,58.8,0
2017,Devin Funchess,CAR,23,WR,16,16,111,63,56.8%,840,13.3,8,44,7.6,3.9,52.5,0
2017,Jason Witten,DAL,35,TE,16,16,87,63,72.4%,560,8.9,5,28,6.4,3.9,35.0,1
2017,Nelson Agholor,PHI,24,WR,16,10,95,62,65.3%,768,12.4,8,72,8.1,3.9,48.0,0
2017,Cooper Kupp,LAR,24,wr,15,6,94,62,66.0%,869,14.0,5,64,9.2,4.1,57.9,1
2017,Danny Amendola,NWE,32,WR,15,8,86,61,70.9%,659,10.8,2,27,7.7,4.1,43.9,2
2017,Adam Humphries,TAM,24,wr,16,3,83,61,73.5%,631,10.3,1,43,7.6,3.8,39.4,1
2017,Marvin Jones,DET,27,WR,16,16,107,61,57.0%,1101,18.0,9,58,10.3,3.8,68.8,0
2017,Ben Watson,BAL,37,TE,16,12,79,61,77.2%,522,8.6,4,33,6.6,3.8,32.6,1
2017,Carlos Hyde,SFO,27,RB,16,16,88,59,67.0%,350,5.9,0,18,4.0,3.7,21.9,2
2017,LeSean McCoy,BUF,29,RB,16,16,77,59,76.6%,448,7.6,2,39,5.8,3.7,28.0,3
2017,Sterling Shepard,NYG,24,WR,11,10,84,59,70.2%,731,12.4,2,77,8.7,5.4,66.5,1
2017,Kendall Wright,CHI,28,wr,16,4,91,59,64.8%,614,10.4,1,22,6.7,3.7,38.4,0
2017,Michael Crabtree,OAK,30,WR,14,14,101,58,57.4%,618,10.7,8,41,6.1,4.1,44.1,1
2017,Melvin Gordon,LAC,24,RB,16,16,83,58,69.9%,476,8.2,4,49,5.7,3.6,29.8,1
2017,Mark Ingram,NOR,28,RB,16,13,71,58,81.7%,416,7.2,0,54,5.9,3.6,26.0,3
2017,JuJu Smith-Schuster,PIT,21,wr,14,7,79,58,73.4%,917,15.8,7,97,11.6,4.1,65.5,0
2017,Kenny Stills,MIA,25,WR,16,16,105,58,55.2%,847,14.6,6,61,8.1,3.6,52.9,4
2017,Jimmy Graham,SEA,31,TE,16,13,96,57,59.4%,520,9.1,10,33,5.4,3.6,32.5,0
2017,T.Y. Hilton,IND,28,WR,16,16,109,57,52.3%,966,16.9,4,80,8.9,3.6,60.4,2
2017,Alshon Jeffery,PHI,27,WR,16,16,120,57,47.5%,789,13.8,9,53,6.6,3.6,49.3,0
2017,DeVante Parker,MIA,24,WR,13,12,96,57,59.4%,670,11.8,1,36,7.0,4.4,51.5,1
2017,Kyle Rudolph,MIN,28,TE,16,16,81,57,70.4%,532,9.3,8,34,6.6,3.6,33.3,0
2017,Marquise Goodwin,SFO,27,WR,16,16,105,56,53.3%,962,17.2,2,83,9.2,3.5,60.1,0
2017,Marqise Lee,JAX,26,WR,14,14,96,56,58.3%,702,12.5,3,45,7.3,4.0,50.1,1
2017,James White,NWE,25,rb,14,4,72,56,77.8%,429,7.7,3,27,6.0,4.0,30.6,0
2017,Robert Woods,LAR,25,WR,12,11,85,56,65.9%,781,13.9,5,94,9.2,4.7,65.1,1
2017,Jared Cook,OAK,30,TE,16,16,86,54,62.8%,688,12.7,2,35,8.0,3.4,43.0,1
2017,Eric Decker,TEN,30,WR,16,8,83,54,65.1%,563,10.4,1,29,6.8,3.4,35.2,0
2017,Tarik Cohen,CHI,22,rb/wr,16,4,71,53,74.6%,353,6.7,1,70,5.0,3.3,22.1,3
2017,Eric Ebron,DET,24,TE,16,9,86,53,61.6%,574,10.8,4,44,6.7,3.3,35.9,1
2017,Ted Ginn,NOR,32,WR,15,10,70,53,75.7%,787,14.8,4,54,11.2,3.5,52.5,2
2017,Kareem Hunt,KAN,22,RB,16,16,63,53,84.1%,455,8.6,3,78,7.2,3.3,28.4,1
2017,Rishard Matthews,TEN,28,WR,14,11,87,53,60.9%,795,15.0,4,75,9.1,3.8,56.8,0
2017,Jordy Nelson,GNB,32,WR,15,15,88,53,60.2%,482,9.1,6,58,5.5,3.5,32.1,0
2017,Theo Riddick,DET,26,rb,16,5,71,53,74.6%,444,8.4,2,63,6.3,3.3,27.8,1
2017,Terrance Williams,DAL,28,WR,16,14,78,53,67.9%,568,10.7,0,56,7.3,3.3,35.5,0
2017,Brandon LaFell,CIN,31,WR,16,15,89,52,58.4%,548,10.5,3,45,6.2,3.3,34.3,1
2017,Mike Wallace,BAL,31,WR,15,14,92,52,56.5%,748,14.4,4,66,8.1,3.5,49.9,0
2017,Jerick McKinnon,MIN,25,rb,16,1,68,51,75.0%,421,8.3,2,41,6.2,3.2,26.3,3
2017,Martavis Bryant,PIT,26,WR,15,8,84,50,59.5%,603,12.1,3,51,7.2,3.3,40.2,0
2017,DeSean Jackson,TAM,31,WR,14,13,90,50,55.6%,668,13.4,3,41,7.4,3.6,47.7,0
2017,Austin Seferian-Jenkins,NYJ,25,TE,13,10,74,50,67.6%,357,7.1,3,28,4.8,3.8,27.5,1
2017,Charles Clay,BUF,28,TE,13,13,74,49,66.2%,558,11.4,2,44,7.5,3.8,42.9,1
2017,Austin Hooper,ATL,23,TE,16,8,65,49,75.4%,526,10.7,3,88,8.1,3.1,32.9,0
2017,Kelvin Benjamin,2TM,26,,14,14,78,48,61.5%,692,14.4,3,43,8.9,3.4,49.4,0
2017,Cameron Brate,TAM,26,te,16,6,77,48,62.3%,591,12.3,6,35,7.7,3.0,36.9,1
2017,Amari Cooper,OAK,23,WR,14,12,96,48,50.0%,680,14.2,7,87,7.1,3.4,48.6,1
2017,Emmanuel Sanders,DEN,30,WR,12,11,92,47,51.1%,555,11.8,2,38,6.0,3.9,46.3,0
2017,Javorius Allen,BAL,26,,16,0,60,46,76.7%,250,5.4,2,20,4.2,2.9,15.6,0
2017,Ryan Grant,WAS,27,wr,16,7,65,45,69.2%,573,12.7,4,40,8.8,2.8,35.8,0
2017,Hunter Henry,LAC,23,fb/tb/TE,14,13,62,45,72.6%,579,12.9,4,34,9.3,3.2,41.4,0
2017,Tyler Lockett,SEA,25,WR,16,8,71,45,63.4%,555,12.3,2,74,7.8,2.8,34.7,0
2017,Paul Richardson,SEA,25,WR,16,13,80,44,55.0%,703,16.0,6,61,8.8,2.8,43.9,0
2017,Shane Vereen,NYG,28,,16,0,53,44,83.0%,253,5.8,0,20,4.8,2.8,15.8,0
2017,Giovani Bernard,CIN,26,rb,16,2,60,43,71.7%,389,9.0,2,61,6.5,2.7,24.3,0
2017,Vernon Davis,WAS,33,TE/wr,16,16,69,43,62.3%,648,15.1,3,69,9.4,2.7,40.5,2
2017,Jesse James,PIT,23,TE,16,14,63,43,68.3%,372,8.7,3,32,5.9,2.7,23.3,0
2017,George Kittle,SFO,24,te,15,7,63,43,68.3%,515,12.0,2,44,8.2,2.9,34.3,0
2017,Seth Roberts,OAK,26,wr,15,7,65,43,66.2%,455,10.6,1,29,7.0,2.9,30.3,2
2017,Trent Taylor,SFO,23,wr,15,1,60,43,71.7%,430,10.0,2,33,7.2,2.9,28.7,1
2017,Tyrell Williams,LAC,25,WR,16,15,69,43,62.3%,728,16.9,4,75,10.6,2.7,45.5,1
2017,Keelan Cole,JAX,24,wr,16,6,83,42,50.6%,748,17.8,3,75,9.0,2.6,46.8,2
2017,Tyler Kroft,CIN,25,TE,16,16,62,42,67.7%,404,9.6,7,59,6.5,2.6,25.3,0
2017,Albert Wilson,KAN,25,wr,13,7,62,42,67.7%,554,13.2,3,63,8.9,3.2,42.6,0
2017,Julius Thomas,MIA,29,TE,14,13,62,41,66.1%,388,9.5,3,27,6.3,2.9,27.7,1
2017,Pierre Garcon,SFO,31,WR,8,8,67,40,59.7%,500,12.5,0,59,7.5,5.0,62.5,0
2017,Jeremy Maclin,BAL,29,WR,12,12,72,40,55.6%,440,11.0,3,48,6.1,3.3,36.7,0
2017,Andre Ellington,2TM,28,,12,2,59,39,66.1%,369,9.5,0,29,6.3,3.3,30.8,0
2017,Allen Hurns,JAX,26,WR,10,8,56,39,69.6%,484,12.4,2,50,8.6,3.9,48.4,0
2017,DeMarco Murray,TEN,29,RB,15,15,47,39,83.0%,266,6.8,1,18,5.7,2.6,17.7,1
2017,Chris Thompson,WAS,27,rb,10,1,54,39,72.2%,510,13.1,4,74,9.4,3.9,51.0,3
2017,Sammy Watkins,LAR,24,WR,15,14,70,39,55.7%,593,15.2,8,67,8.5,2.6,39.5,0
2017,Deonte Thompson,2TM,28,,16,10,69,38,55.1%,555,14.6,2,46,8.0,2.4,34.7,1
2017,Matt Forte,NYJ,32,rb,12,4,45,37,82.2%,293,7.9,1,34,6.5,3.1,24.4,1
2017,Cole Beasley,DAL,28,wr,15,4,63,36,57.1%,314,8.7,4,54,5.0,2.4,20.9,0
2017,Leonard Fournette,JAX,22,RB,13,13,48,36,75.0%,302,8.4,1,28,6.3,2.8,23.2,2
2017,Devonta Freeman,ATL,25,RB,14,14,47,36,76.6%,317,8.8,1,29,6.7,2.6,22.6,4
2017,Roger Lewis,NYG,24,WR,15,8,72,36,50.0%,416,11.6,2,34,5.8,2.4,27.7,0
2017,Lamar Miller,HOU,26,RB,16,13,45,36,80.0%,327,9.1,3,32,7.3,2.3,20.4,1
2017,Torrey Smith,PHI,28,WR,16,14,67,36,53.7%,430,11.9,2,59,6.4,2.3,26.9,0
2017,Josh Doctson,WAS,25,WR,16,14,78,35,44.9%,502,14.3,6,52,6.4,2.2,31.4,0
2017,Charles Sims,TAM,27,,16,0,47,35,74.5%,249,7.1,1,25,5.3,2.2,15.6,1
2017,Travis Benjamin,LAC,28,wr,16,3,62,34,54.8%,567,16.7,4,62,9.1,2.1,35.4,2
2017,Corey Davis,TEN,22,WR,11,9,65,34,52.3%,375,11.0,0,37,5.8,3.1,34.1,1
2017,Wayne Gallman,NYG,23,rb,13,1,48,34,70.8%,193,5.7,1,11,4.0,2.6,14.8,3
2017,Chris Godwin,TAM,21,wr,16,2,55,34,61.8%,525,15.4,1,70,9.5,2.1,32.8,0
2017,Chris Hogan,NWE,29,wr,9,7,59,34,57.6%,439,12.9,5,47,7.4,3.8,48.8,0
2017,J.D. McKissic,SEA,24,rb,13,1,46,34,73.9%,266,7.8,2,27,5.8,2.6,20.5,0
2017,DeAndre Washington,OAK,24,,15,0,45,34,75.6%,197,5.8,1,15,4.4,2.3,13.1,2
2017,Seth Devalve,CLE,24,te,16,4,58,33,56.9%,395,12.0,1,49,6.8,2.1,24.7,1
2017,Taylor Gabriel,ATL,26,wr,16,4,51,33,64.7%,378,11.5,1,40,7.4,2.1,23.6,0
2017,Jermaine Gresham,ARI,29,TE,14,14,46,33,71.7%,322,9.8,2,21,7.0,2.4,23.0,0
2017,Kyle Juszczyk,SFO,26,FB,14,10,42,33,78.6%,315,9.5,1,44,7.5,2.4,22.5,2
2017,Danny Woodhead,BAL,32,,8,0,39,33,84.6%,200,6.1,0,22,5.1,4.1,25.0,0
2017,Kenyan Drake,MIA,23,rb,16,6,48,32,66.7%,239,7.5,1,47,5.0,2.0,14.9,2
2017,Dion Lewis,NWE,27,RB,16,8,35,32,91.4%,214,6.7,3,20,6.1,2.0,13.4,0
2017,David Njoku,CLE,21,te,16,5,60,32,53.3%,386,12.1,4,34,6.4,2.0,24.1,0
2017,Jaron Brown,ARI,27,WR,16,8,69,31,44.9%,477,15.4,4,52,6.9,1.9,29.8,0
2017,Cordarrelle Patterson,OAK,26,wr,16,2,42,31,73.8%,309,10.0,0,59,7.4,1.9,19.3,3
2017,Martellus Bennett,2TM,30,,9,7,44,30,68.2%,286,9.5,0,33,6.5,3.3,31.8,0
2017,Devontae Booker,DEN,25,,13,0,38,30,78.9%,275,9.2,0,29,7.2,2.3,21.2,2
2017,Rex Burkhead,NWE,27,rb,10,3,36,30,83.3%,254,8.5,3,23,7.1,3.0,25.4,1
2017,Ed Dickson,CAR,30,TE,16,12,48,30,62.5%,437,14.6,1,64,9.1,1.9,27.3,0
2017,Antonio Gates,LAC,37,te,16,4,52,30,57.7%,316,10.5,3,27,6.1,1.9,19.8,0
2017,T.J. Jones,DET,25,wr,14,6,49,30,61.2%,399,13.3,1,34,8.1,2.1,28.5,1
2017,Joe Mixon,CIN,21,rb,14,7,34,30,88.2%,287,9.6,0,67,8.4,2.1,20.5,3
2017,T.J. Yeldon,JAX,24,,10,0,41,30,73.2%,224,7.5,0,20,5.5,3.0,22.4,2
2017,Bruce Ellington,HOU,26,wr,11,6,57,29,50.9%,330,11.4,2,35,5.8,2.6,30.0,1
2017,Bennie Fowler,DEN,26,wr,16,4,56,29,51.8%,350,12.1,3,29,6.3,1.8,21.9,1
2017,Frank Gore,IND,34,RB,16,16,38,29,76.3%,245,8.4,1,26,6.4,1.8,15.3,3
2017,JJ Nelson,ARI,25,wr,16,5,61,29,47.5%,508,17.5,2,46,8.3,1.8,31.8,1
2017,C.J. Anderson,DEN,26,RB,16,16,40,28,70.0%,224,8.0,1,25,5.6,1.8,14.0,1
2017,Nick Boyle,BAL,24,TE,15,11,37,28,75.7%,203,7.3,0,16,5.5,1.9,13.5,0
2017,Isaiah Crowell,CLE,24,RB,16,16,42,28,66.7%,182,6.5,0,38,4.3,1.8,11.4,1
2017,Will Fuller,HOU,23,WR,10,10,50,28,56.0%,423,15.1,7,59,8.5,2.8,42.3,0
2017,Kenny Golladay,DET,24,k/wr,11,5,48,28,58.3%,477,17.0,3,54,9.9,2.5,43.4,0
2017,Tevin Coleman,ATL,24,fb/rb,15,3,39,27,69.2%,299,11.1,3,39,7.7,1.8,19.9,1
2017,Austin Ekeler,LAC,22,,16,0,35,27,77.1%,279,10.3,3,38,8.0,1.7,17.4,2
2017,Rashard Higgins,CLE,23,fb/wr,15,4,50,27,54.0%,312,11.6,2,56,6.2,1.8,20.8,1
2017,Zay Jones,BUF,22,WR,15,10,74,27,36.5%,316,11.7,2,33,4.3,1.8,21.1,0
2017,Ricardo Louis,CLE,23,WR,16,9,61,27,44.3%,357,13.2,0,37,5.9,1.7,22.3,0
2017,Jordan Reed,WAS,27,te,6,5,35,27,77.1%,211,7.8,2,20,6.0,4.5,35.2,1
2017,Jalen Richard,OAK,24,rb,16,1,36,27,75.0%,256,9.5,1,39,7.1,1.7,16.0,8
2017,Charcandrick West,KAN,26,,13,0,34,27,79.4%,150,5.6,2,25,4.4,2.1,11.5,1
2017,Dede Westbrook,JAX,24,wr,7,5,51,27,52.9%,339,12.6,1,29,6.6,3.9,48.4,1
2017,Ezekiel Elliott,DAL,22,RB,10,10,38,26,68.4%,269,10.3,2,72,7.1,2.6,26.9,1
2017,O.J. Howard,TAM,23,TE,14,14,39,26,66.7%,432,16.6,6,58,11.1,1.9,30.9,3
2017,Donte Moncrief,IND,24,WR,12,8,47,26,55.3%,391,15.0,2,60,8.3,2.2,32.6,0
2017,Ameer Abdullah,DET,24,RB,14,11,35,25,71.4%,162,6.5,1,22,4.6,1.8,11.6,2
2017,Stephen Anderson,HOU,24,te,15,5,52,25,48.1%,342,13.7,1,42,6.6,1.7,22.8,0
2017,Odell Beckham,NYG,25,wr,4,2,41,25,61.0%,302,12.1,3,48,7.4,6.3,75.5,0
2017,Tyler Higbee,LAR,24,TE,16,16,45,25,55.6%,295,11.8,1,38,6.6,1.6,18.4,0
2017,Dontrelle Inman,2TM,28,,12,7,44,25,56.8%,343,13.7,1,26,7.8,2.1,28.6,0
2017,Jordan Matthews,BUF,25,wr,10,7,36,25,69.4%,282,11.3,1,47,7.8,2.5,28.2,1
2017,Jamaal Williams,GNB,22,rb,16,7,34,25,73.5%,262,10.5,2,54,7.7,1.6,16.4,0
2017,Jay Ajayi,2TM,24,,14,8,34,24,70.6%,158,6.6,1,32,4.6,1.7,11.3,3
2017,Josh Bellamy,CHI,28,wr,15,7,46,24,52.2%,376,15.7,1,46,8.2,1.6,25.1,0
2017,Rhett Ellison,NYG,29,TE,16,14,32,24,75.0%,235,9.8,2,27,7.3,1.5,14.7,0
2017,Marcedes Lewis,JAX,33,TE,16,16,48,24,50.0%,318,13.3,5,37,6.6,1.5,19.9,0
2017,Geronimo Allison,GNB,23,wr,15,2,39,23,59.0%,253,11.0,0,72,6.5,1.5,16.9,2
2017,Trey Burton,PHI,26,te,15,1,31,23,74.2%,248,10.8,5,27,8.0,1.5,16.5,0
2017,Jamaal Charles,DEN,31,,14,0,28,23,82.1%,129,5.6,0,20,4.6,1.6,9.2,2
2017,Brandon Coleman,NOR,25,wr,16,6,37,23,62.2%,364,15.8,3,54,9.8,1.4,22.8,2
2017,Corey Coleman,CLE,23,WR,9,8,58,23,39.7%,305,13.3,2,44,5.3,2.6,33.9,0
2017,Alex Collins,BAL,23,RB,15,12,36,23,63.9%,187,8.1,0,37,5.2,1.5,12.5,4
2017,Jordan Howard,CHI,23,RB,16,16,32,23,71.9%,125,5.4,0,12,3.9,1.4,7.8,1
2017,Ty Montgomery,GNB,24,rb,8,5,31,23,74.2%,173,7.5,1,23,5.6,2.9,21.6,0
2017,Bilal Powell,NYJ,29,RB,15,10,33,23,69.7%,170,7.4,0,31,5.2,1.5,11.3,1
2017,Chester Rogers,IND,23,wr,11,4,37,23,62.2%,284,12.3,1,61,7.7,2.1,25.8,0
2017,Tyler Boyd,CIN,23,wr,10,1,32,22,68.8%,225,10.2,2,49,7.0,2.2,22.5,0
2017,Coby Fleener,NOR,29,,11,0,30,22,73.3%,295,13.4,2,33,9.8,2.0,26.8,0
2017,Jeremy Kerley,NYJ,29,wr,8,2,27,22,81.5%,217,9.9,1,31,8.0,2.8,27.1,3
2017,Nick O'Leary,BUF,25,te,15,5,32,22,68.8%,322,14.6,2,32,10.1,1.5,21.5,1
2017,Samaje Perine,WAS,22,RB,16,8,24,22,91.7%,182,8.3,1,25,7.6,1.4,11.4,2
2017,Matt Breida,SFO,22,,16,0,36,21,58.3%,180,8.6,1,32,5.0,1.3,11.3,1
2017,John Brown,ARI,27,wr,10,5,55,21,38.2%,299,14.2,3,52,5.4,2.1,29.9,0
2017,Garrett Celek,SFO,29,fb/TE,16,13,33,21,63.6%,336,16.0,4,61,10.2,1.3,21.0,0
2017,A.J. Derby,2TM,26,,11,1,40,21,52.5%,244,11.6,2,29,6.1,1.9,22.2,1
2017,Chris Ivory,JAX,29,rb,14,3,28,21,75.0%,175,8.3,1,29,6.3,1.5,12.5,2
2017,Marlon Mack,IND,21,,14,0,33,21,63.6%,225,10.7,1,34,6.8,1.5,16.1,1
2017,Demarcus Robinson,KAN,23,WR,16,8,39,21,53.8%,212,10.1,0,33,5.4,1.3,13.3,0
2017,Kenny Britt,2TM,29,,12,4,43,20,46.5%,256,12.8,2,38,6.0,1.7,21.3,0
2017,Benny Cunningham,CHI,27,,14,0,26,20,76.9%,240,12.0,2,40,9.2,1.4,17.1,1
2017,Justin Hardy,ATL,26,wr,16,1,29,20,69.0%,221,11.1,3,27,7.6,1.3,13.8,1
2017,Marshawn Lynch,OAK,31,RB,15,15,31,20,64.5%,151,7.6,0,26,4.9,1.3,10.1,1
2017,Zach Miller,CHI,33,te,8,6,35,20,57.1%,236,11.8,2,29,6.7,2.5,29.5,0
2017,Terrelle Pryor,WAS,28,wr,9,2,37,20,54.1%,240,12.0,1,44,6.5,2.2,26.7,0
2017,Laquon Treadwell,MIN,22,wr,16,7,35,20,57.1%,200,10.0,0,25,5.7,1.3,12.5,1
2017,Damien Williams,MIA,25,rb,11,4,28,20,71.4%,155,7.8,1,24,5.5,1.8,14.1,0
2017,Michael Campanaro,BAL,26,,13,0,27,19,70.4%,173,9.1,1,18,6.4,1.5,13.3,4
2017,Orleans Darkwa,NYG,25,RB,15,11,28,19,67.9%,116,6.1,0,13,4.1,1.3,7.7,1
2017,Cody Latimer,DEN,25,wr,11,1,31,19,61.3%,287,15.1,2,32,9.3,1.7,26.1,1
2017,Braxton Miller,HOU,25,wr,11,3,29,19,65.5%,162,8.5,1,57,5.6,1.7,14.7,0
2017,Aldrick Robinson,SFO,29,wr,16,1,48,19,39.6%,260,13.7,2,45,5.4,1.2,16.3,0
2017,Rod Smith,DAL,25,rb,15,1,23,19,82.6%,202,10.6,1,81,8.8,1.3,13.5,0
2017,Josh Gordon,CLE,26,wr,5,5,42,18,42.9%,335,18.6,1,54,8.0,3.6,67.0,0
2017,Demetrius Harris,KAN,26,te,16,7,35,18,51.4%,224,12.4,1,51,6.4,1.1,14.0,0
2017,Lance Kendricks,GNB,29,TE,16,9,35,18,51.4%,203,11.3,1,51,5.8,1.1,12.7,0
2017,Tavarres King,NYG,27,wr,8,3,37,18,48.6%,240,13.3,3,57,6.5,2.3,30.0,0
2017,Brandon Marshall,NYG,33,wr,5,5,33,18,54.5%,154,8.6,0,18,4.7,3.6,30.8,0
2017,Chris Moore,BAL,24,wr,13,4,38,18,47.4%,248,13.8,3,30,6.5,1.4,19.1,0
2017,Eli Rogers,PIT,25,wr,14,4,36,18,50.0%,149,8.3,1,18,4.1,1.3,10.6,1
2017,Jonnu Smith,TEN,22,TE/wr,16,13,30,18,60.0%,157,8.7,2,32,5.2,1.1,9.8,0
2017,Jarius Wright,MIN,28,,16,0,25,18,72.0%,198,11.0,2,30,7.9,1.1,12.4,0
2017,Darren Fells,DET,31,TE,16,13,26,17,65.4%,177,10.4,3,23,6.8,1.1,11.1,0
2017,D.J. Foster,ARI,24,,7,0,28,17,60.7%,133,7.8,0,20,4.8,2.4,19.0,0
2017,Elijah McGuire,NYJ,23,rb,16,2,26,17,65.4%,177,10.4,1,38,6.8,1.1,11.1,2
2017,Greg Olsen,CAR,32,te,7,7,38,17,44.7%,191,11.2,1,30,5.0,2.4,27.3,0
2017,Russell Shepard,CAR,27,wr,15,3,32,17,53.1%,202,11.9,1,40,6.3,1.1,13.5,1
2017,Peyton Barber,TAM,23,rb,16,4,19,16,84.2%,114,7.1,0,34,6.0,1.0,7.1,2
2017,Kendrick Bourne,SFO,22,,11,0,34,16,47.1%,257,16.1,0,54,7.6,1.5,23.4,0
2017,Travaris Cadet,2TM,28,,9,0,19,16,84.2%,119,7.4,0,16,6.3,1.8,13.2,0
2017,Gerald Everett,LAR,23,te,16,2,32,16,50.0%,244,15.3,2,69,7.6,1.0,15.3,1
2017,Josh Hill,NOR,27,TE,16,11,22,16,72.7%,125,7.8,1,22,5.7,1.0,7.8,2
2017,Mack Hollins,PHI,24,,16,0,22,16,72.7%,226,14.1,1,64,10.3,1.0,14.1,0
2017,Taywan Taylor,TEN,22,wr,16,4,28,16,57.1%,231,14.4,1,53,8.3,1.0,14.4,0
2017,Kamar Aiken,IND,28,wr,15,7,44,15,34.1%,133,8.9,0,21,3.0,1.0,8.9,0
2017,Brice Butler,DAL,27,,13,0,23,15,65.2%,317,21.1,3,53,13.8,1.2,24.4,0
2017,Mike Davis,SEA,24,rb,6,6,18,15,83.3%,131,8.7,0,23,7.3,2.5,21.8,0
2017,Latavius Murray,MIN,27,RB,16,11,17,15,88.2%,103,6.9,0,28,6.1,0.9,6.4,1
2017,Curtis Samuel,CAR,21,rb/wr,9,4,26,15,57.7%,115,7.7,0,23,4.4,1.7,12.8,0
2017,Dion Sims,CHI,26,TE,14,14,29,15,51.7%,180,12.0,1,27,6.2,1.1,12.9,0
2017,Maxx Williams,BAL,23,te/wr,11,8,18,15,83.3%,86,5.7,1,17,4.8,1.4,7.8,1
2017,Luke Willson,SEA,27,te,16,7,22,15,68.2%,153,10.2,4,27,7.0,0.9,9.6,0
2017,Kapri Bibbs,WAS,24,,3,0,17,14,82.4%,128,9.1,1,36,7.5,4.7,42.7,0
2017,C.J. Fiedorowicz,HOU,26,te,5,5,22,14,63.6%,127,9.1,0,15,5.8,2.8,25.4,0
2017,Virgil Green,DEN,29,TE,16,16,22,14,63.6%,191,13.6,1,44,8.7,0.9,11.9,0
2017,Vance McDonald,PIT,27,te,10,7,24,14,58.3%,188,13.4,1,28,7.8,1.4,18.8,0
2017,James O'Shaughnessy,JAX,25,te,16,1,24,14,58.3%,149,10.6,1,29,6.2,0.9,9.3,0
2017,De'Anthony Thomas,KAN,24,wr,16,2,16,14,87.5%,143,10.2,2,57,8.9,0.9,8.9,1
2017,Mike Tolbert,BUF,32,,12,0,17,14,82.4%,78,5.6,0,12,4.6,1.2,6.5,2
2017,Tavon Austin,LAR,27,WR,16,9,22,13,59.1%,47,3.6,0,13,2.1,0.8,2.9,5
2017,Daniel Brown,CHI,25,te,14,2,20,13,65.0%,129,9.9,0,17,6.5,0.9,9.2,0
2017,Brent Celek,PHI,32,TE,16,10,24,13,54.2%,130,10.0,1,28,5.4,0.8,8.1,0
2017,Jakeem Grant,MIA,25,,16,0,22,13,59.1%,203,15.6,2,65,9.2,0.8,12.7,2
2017,Ryan Griffin,HOU,27,te,7,6,26,13,50.0%,158,12.2,1,35,6.1,1.9,22.6,0
2017,Andre Holmes,BUF,29,wr,14,2,22,13,59.1%,120,9.2,3,36,5.5,0.9,8.6,0
2017,Niles Paul,WAS,28,te/wr,14,8,19,13,68.4%,94,7.2,0,32,4.9,0.9,6.7,0
2017,Wendell Smallwood,PHI,23,rb,8,3,18,13,72.2%,103,7.9,0,24,5.7,1.6,12.9,0
2017,Jordan Taylor,DEN,25,wr,10,2,20,13,65.0%,142,10.9,0,30,7.1,1.3,14.2,1
2017,Brandon Williams,IND,30,TE/wr,14,10,17,13,76.5%,121,9.3,0,32,7.1,0.9,8.6,0
2017,Phillip Dorsett,NWE,24,wr,15,2,18,12,66.7%,194,16.2,0,39,10.8,0.8,12.9,0
2017,Alex Erickson,CIN,25,,16,0,16,12,75.0%,180,15.0,1,37,11.3,0.8,11.3,6
2017,Anthony Fasano,MIA,33,te,16,6,16,12,75.0%,107,8.9,1,29,6.7,0.8,6.7,1
2017,Richard Rodgers,GNB,25,te,15,1,19,12,63.2%,160,13.3,1,36,8.4,0.8,10.7,0
2017,Ricky Seals-Jones,ARI,22,te,10,1,28,12,42.9%,201,16.8,3,29,7.2,1.2,20.1,0
2017,Adam Shaheen,CHI,23,te,13,7,14,12,85.7%,127,10.6,3,31,9.1,0.9,9.8,0
2017,Levine Toilolo,ATL,26,TE,15,12,14,12,85.7%,122,10.2,1,25,8.7,0.8,8.1,0
2017,Nick Vannett,SEA,24,te,15,4,15,12,80.0%,124,10.3,1,21,8.3,0.8,8.3,0
2017,Chris Conley,KAN,25,wr,5,5,16,11,68.8%,175,15.9,0,35,10.9,2.2,35.0,0
2017,Dalvin Cook,MIN,22,rb,4,4,16,11,68.8%,90,8.2,0,36,5.6,2.8,22.5,1
2017,Pharoh Cooper+,LAR,22,wr,16,1,19,11,57.9%,84,7.6,0,26,4.4,0.7,5.3,3
2017,Derrick Henry,TEN,23,rb,16,2,17,11,64.7%,136,12.4,1,66,8.0,0.7,8.5,1
2017,Troy Niklas,ARI,25,TE/wr,15,11,23,11,47.8%,132,12.0,1,21,5.7,0.7,8.8,0
2017,Adrian Peterson,2TM,32,,10,7,19,11,57.9%,70,6.4,0,13,3.7,1.1,7.0,3
2017,Josh Reynolds,LAR,22,wr,16,1,24,11,45.8%,104,9.5,1,28,4.3,0.7,6.5,0
2017,Mike Williams,LAC,23,wr,10,1,23,11,47.8%,95,8.6,0,20,4.1,1.1,9.5,0
2017,Dwayne Allen,NWE,27,p/TE,16,8,22,10,45.5%,86,8.6,1,22,3.9,0.6,5.4,0
2017,Damiere Byrd,CAR,24,wr,8,3,17,10,58.8%,105,10.5,2,31,6.2,1.3,13.1,0
2017,Corey Clement,PHI,23,,16,0,15,10,66.7%,123,12.3,2,28,8.2,0.6,7.7,0
2017,Michael Floyd,MIN,28,wr,11,1,17,10,58.8%,78,7.8,0,19,4.6,0.9,7.1,0
2017,Tommylee Lewis,NOR,25,,15,0,14,10,71.4%,116,11.6,1,52,8.3,0.7,7.7,1
2017,David Morgan,MIN,24,te,15,6,12,10,83.3%,95,9.5,1,23,7.9,0.7,6.3,0
2017,Breshad Perriman,BAL,24,wr,11,3,35,10,28.6%,77,7.7,0,14,2.2,0.9,7.0,0
2017,C.J. Uzomah,CIN,24,te,14,4,15,10,66.7%,92,9.2,1,21,6.1,0.7,6.6,0
2017,Kerwynn Williams,ARI,26,rb,16,6,15,10,66.7%,93,9.3,0,25,6.2,0.6,5.8,0
2017,Malcolm Brown,LAR,24,rb,11,1,11,9,81.8%,53,5.9,0,16,4.8,0.8,4.8,1
2017,Chad Hansen,NYJ,22,wr,15,1,17,9,52.9%,94,10.4,0,24,5.5,0.6,6.3,0
2017,Jeff Heuerman,DEN,25,te,14,6,21,9,42.9%,142,15.8,2,54,6.8,0.6,10.1,0
2017,Johnny Holton,OAK,26,wr,16,1,18,9,50.0%,218,24.2,3,64,12.1,0.6,13.6,3
2017,Aaron Jones,GNB,23,rb,12,4,18,9,50.0%,22,2.4,0,9,1.2,0.8,1.8,0
2017,Doug Martin,TAM,28,RB,11,8,18,9,50.0%,84,9.3,0,17,4.7,0.8,7.6,1
2017,Thomas Rawls,SEA,24,rb,12,3,13,9,69.2%,94,10.4,0,22,7.2,0.8,7.8,1
2017,Jacquizz Rodgers,TAM,27,rb,16,4,11,9,81.8%,74,8.2,0,15,6.7,0.6,4.6,0
2017,Robert Turbin,IND,28,rb,6,1,11,9,81.8%,56,6.2,0,16,5.1,1.5,9.3,0
2017,Clive Walford,OAK,26,,13,0,13,9,69.2%,80,8.9,0,26,6.2,0.7,6.2,0
2017,Kasen Williams,CLE,25,wr,7,2,18,9,50.0%,84,9.3,0,14,4.7,1.3,12.0,0
2017,Jerell Adams,NYG,25,wr,16,1,11,8,72.7%,92,11.5,0,38,8.4,0.5,5.8,0
2017,Brenton Bersin,CAR,27,wr,8,1,14,8,57.1%,128,16.0,0,27,9.1,1.0,16.0,0
2017,LeGarrette Blount,PHI,31,RB,16,11,8,8,100.0%,50,6.3,1,20,6.3,0.5,3.1,1
2017,Derek Carrier,LAR,27,te/wr,14,3,11,8,72.7%,71,8.9,0,17,6.5,0.6,5.1,0
2017,Amara Darboh,SEA,23,,16,0,13,8,61.5%,71,8.9,0,16,5.5,0.5,4.4,0
2017,Tyler Ervin,HOU,24,,4,0,11,8,72.7%,38,4.8,0,7,3.5,2.0,9.5,0
2017,Tre McBride,CHI,25,wr,8,3,15,8,53.3%,144,18.0,0,45,9.6,1.0,18.0,0
2017,Louis Murphy,SFO,30,wr,7,7,17,8,47.1%,121,15.1,1,40,7.1,1.1,17.3,0
2017,Paul Perkins,NYG,23,rb,11,4,10,8,80.0%,46,5.8,0,11,4.6,0.7,4.2,0
2017,Travis Rudolph,NYG,22,wr,7,1,21,8,38.1%,101,12.6,0,29,4.8,1.1,14.4,0
2017,Lee Smith,OAK,30,TE/wr,16,9,11,8,72.7%,76,9.5,0,21,6.9,0.5,4.8,0
2017,Willie Snead,NOR,25,wr,11,7,16,8,50.0%,92,11.5,0,26,5.8,0.7,8.4,1
2017,Jonathan Stewart,CAR,30,RB,15,10,15,8,53.3%,52,6.5,1,21,3.5,0.5,3.5,3
2017,Eric Tomlinson,NYJ,25,TE/wr,14,12,11,8,72.7%,121,15.1,1,34,11.0,0.6,8.6,0
2017,Austin Traylor,DEN,24,te,7,3,13,8,61.5%,100,12.5,0,34,7.7,1.1,14.3,0
2017,Alfred Blue,HOU,26,,11,0,9,7,77.8%,54,7.7,0,14,6.0,0.6,4.9,0
2017,Leonte Carroo,MIA,23,,14,0,12,7,58.3%,69,9.9,0,21,5.8,0.5,4.9,0
2017,Chris Carson,SEA,23,rb,4,3,8,7,87.5%,59,8.4,1,10,7.4,1.8,14.8,0
2017,Patrick DiMarco,BUF,28,FB/rb,16,9,10,7,70.0%,28,4.0,0,9,2.8,0.4,1.8,0
2017,C.J. Ham,MIN,24,fb,16,1,8,7,87.5%,68,9.7,0,12,8.5,0.4,4.3,0
2017,Alfred Morris,DAL,29,rb,14,5,9,7,77.8%,45,6.4,0,13,5.0,0.5,3.2,0
2017,Aaron Ripkowski,GNB,25,fb,16,2,10,7,70.0%,39,5.6,0,12,3.9,0.4,2.4,0
2017,Darren Sproles,PHI,34,,3,0,12,7,58.3%,73,10.4,0,16,6.1,2.3,24.3,1
2017,Logan Thomas,BUF,26,te,12,2,9,7,77.8%,67,9.6,1,22,7.4,0.6,5.6,0
2017,Ross Travis,2TM,24,,15,3,17,7,41.2%,76,10.9,0,20,4.5,0.5,5.1,1
2017,Tommy Bohanon,JAX,27,FB,16,10,11,6,54.5%,43,7.2,1,14,3.9,0.4,2.7,0
2017,Kaelin Clay,2TM,25,,13,2,19,6,31.6%,85,14.2,0,28,4.5,0.5,6.5,3
2017,Sammie Coates,CLE,24,wr,12,1,11,6,54.5%,70,11.7,0,38,6.4,0.5,5.8,0
2017,James Develin,NWE,29,fb/rb/te,16,7,10,6,60.0%,38,6.3,0,10,3.8,0.4,2.4,0
2017,D'Onta Foreman,HOU,21,rb,10,1,8,6,75.0%,83,13.8,0,34,10.4,0.6,8.3,2
2017,Michael Hoomanawanui,NOR,29,TE,14,10,10,6,60.0%,52,8.7,1,25,5.2,0.4,3.7,0
2017,David Johnson,ARI,26,rb,1,1,9,6,66.7%,67,11.2,0,24,7.4,6.0,67.0,2
2017,Eddie Lacy,SEA,27,rb,9,3,6,6,100.0%,47,7.8,0,14,7.8,0.7,5.2,0
2017,Josh Malone,CIN,21,wr,11,7,17,6,35.3%,63,10.5,1,25,3.7,0.5,5.7,0
2017,Byron Marshall,WAS,23,,4,0,8,6,75.0%,36,6.0,0,12,4.5,1.5,9.0,0
2017,Jaydon Mickens,JAX,23,,10,0,11,6,54.5%,77,12.8,2,41,7.0,0.6,7.7,4
2017,Jamize Olawale,OAK,28,,12,0,7,6,85.7%,33,5.5,0,9,4.7,0.5,2.8,1
2017,Branden Oliver,LAC,26,,8,0,11,6,54.5%,26,4.3,0,11,2.4,0.8,3.3,0
2017,C.J. Prosise,SEA,23,,5,0,11,6,54.5%,87,14.5,0,46,7.9,1.2,17.4,0
2017,Brian Quick,WAS,28,wr,11,1,8,6,75.0%,76,12.7,0,31,9.5,0.5,6.9,0
2017,Anthony Sherman,KAN,29,fb,16,3,8,6,75.0%,47,7.8,0,11,5.9,0.4,2.9,0
2017,Neal Sterling,NYJ,25,fb,11,1,10,6,60.0%,82,13.7,0,35,8.2,0.5,7.5,0
2017,ArDarius Stewart,NYJ,24,wr,15,2,13,6,46.2%,82,13.7,0,46,6.3,0.4,5.5,0
2017,Ryan Switzer,DAL,23,,16,0,7,6,85.7%,41,6.8,0,12,5.9,0.4,2.6,1
2017,Brandon Tate,BUF,30,wr,13,1,14,6,42.9%,81,13.5,1,24,5.8,0.5,6.2,1
2017,Lawrence Thomas,NYJ,24,fb/rb,14,4,7,6,85.7%,43,7.2,0,15,6.1,0.4,3.1,0
2017,Kenjon Barner,PHI,27,rb,13,1,8,5,62.5%,56,11.2,0,22,7.0,0.4,4.3,3
2017,Alan Cross,TAM,24,fb/te,8,4,6,5,83.3%,58,11.6,0,23,9.7,0.6,7.3,0
2017,Trevor Davis,GNB,24,,16,0,7,5,71.4%,70,14.0,0,29,10.0,0.3,4.4,0
2017,Brittan Golden,ARI,29,,13,0,9,5,55.6%,70,14.0,0,29,7.8,0.4,5.4,0
2017,Xavier Grimble,PIT,25,te/wr,15,2,9,5,55.6%,32,6.4,1,12,3.6,0.3,2.1,0
2017,Chris Johnson,ARI,32,rb,4,3,6,5,83.3%,43,8.6,0,15,7.2,1.3,10.8,0
2017,Marcus Johnson,PHI,23,,10,0,8,5,62.5%,45,9.0,0,16,5.6,0.5,4.5,1
2017,Ben Koyack,JAX,24,te,16,3,7,5,71.4%,38,7.6,0,21,5.4,0.3,2.4,0
2017,Freddie Martino,TAM,26,,8,0,6,5,83.3%,96,19.2,0,39,16.0,0.6,12.0,0
2017,Tanner McEvoy,SEA,24,,15,0,9,5,55.6%,113,22.6,0,53,12.6,0.3,7.5,1
2017,Bobby Rainey,BAL,30,,4,0,7,5,71.4%,18,3.6,0,12,2.6,1.3,4.5,0
2017,Hunter Sharp,2TM,23,,3,1,9,5,55.6%,54,10.8,1,21,6.0,1.7,18.0,0
2017,Keith Smith,DAL,25,fb,16,3,5,5,100.0%,26,5.2,0,12,5.2,0.3,1.6,0
2017,Mike Thomas,LAR,23,wr,8,1,7,5,71.4%,93,18.6,0,50,13.3,0.6,11.6,1
2017,Chris Thompson,HOU,23,,13,0,6,5,83.3%,84,16.8,0,32,14.0,0.4,6.5,3
2017,Bryce Treggs,CLE,23,wr,6,1,18,5,27.8%,79,15.8,0,20,4.4,0.8,13.2,1
2017,Fozzy Whittaker,CAR,28,,12,0,6,5,83.3%,47,9.4,1,28,7.8,0.4,3.9,0
2017,Noah Brown,DAL,21,wr,13,1,9,4,44.4%,33,8.3,0,14,3.7,0.3,2.5,0
2017,Michael Clark,GNB,22,,2,0,14,4,28.6%,41,10.3,0,19,2.9,2.0,20.5,0
2017,Matthew Dayes,CLE,23,,16,0,5,4,80.0%,29,7.3,0,15,5.8,0.3,1.8,0
2017,Tyler Eifert,CIN,27,,2,0,5,4,80.0%,46,11.5,0,22,9.2,2.0,23.0,0
2017,James Hanna,DAL,28,TE,16,8,9,4,44.4%,88,22.0,1,31,9.8,0.3,5.5,0
2017,Maurice Harris,WAS,25,,6,0,6,4,66.7%,62,15.5,1,36,10.3,0.7,10.3,0
2017,Jeremy Hill,CIN,25,rb,7,7,4,4,100.0%,16,4.0,0,10,4.0,0.6,2.3,1
2017,Jacob Hollister,NWE,24,te,15,1,11,4,36.4%,42,10.5,0,19,3.8,0.3,2.8,0
2017,Akeem Hunt,KAN,24,,15,0,7,4,57.1%,31,7.8,0,20,4.4,0.3,2.1,0
2017,Justin Hunter,PIT,26,wr,7,1,10,4,40.0%,23,5.8,1,7,2.3,0.6,3.3,0
2017,Andy Janovich,DEN,24,fb,16,4,6,4,66.7%,35,8.8,0,16,5.8,0.3,2.2,0
2017,Robert Kelley,WAS,25,rb,7,7,7,4,57.1%,18,4.5,0,9,2.6,0.6,2.6,0
2017,Sean McGrath,LAC,30,te,15,6,4,4,100.0%,46,11.5,0,23,11.5,0.3,3.1,0
2017,Isaiah McKenzie,DEN,22,,11,0,13,4,30.8%,29,7.3,0,14,2.2,0.4,2.6,6
2017,Elijhaa Penny,ARI,24,,16,0,6,4,66.7%,38,9.5,0,18,6.3,0.3,2.4,0
2017,Jay Prosch,HOU,25,fb,16,5,4,4,100.0%,31,7.8,0,18,7.8,0.3,1.9,0
2017,Patrick Ricard,BAL,23,,16,0,4,4,100.0%,12,3.0,2,6,3.0,0.3,0.8,0
2017,Michael Roberts,DET,23,te,15,3,7,4,57.1%,46,11.5,0,23,6.6,0.3,3.1,0
2017,Luke Stocker,2TM,29,,12,5,5,4,80.0%,30,7.5,1,12,6.0,0.3,2.5,0
2017,Phillip Supernaw,TEN,27,te,16,3,6,4,66.7%,39,9.8,1,20,6.5,0.3,2.4,0
2017,Will Tye,NYJ,26,te,3,1,6,4,66.7%,38,9.5,0,21,6.3,1.3,12.7,0
2017,Griff Whalen,BAL,27,,2,0,6,4,66.7%,23,5.8,0,9,3.8,2.0,11.5,0
2017,Jared Abbrederis,DET,27,,7,0,7,3,42.9%,44,14.7,0,25,6.3,0.4,6.3,0
2017,Blake Bell,MIN,26,te,13,3,4,3,75.0%,19,6.3,0,12,4.8,0.2,1.5,0
2017,Quan Bray,IND,24,,9,0,4,3,75.0%,39,13.0,0,22,9.8,0.3,4.3,1
2017,Darrell Daniels,IND,23,te,12,3,13,3,23.1%,26,8.7,0,13,2.0,0.3,2.2,0
2017,Josh Ferguson,IND,24,,10,0,4,3,75.0%,16,5.3,0,8,4.0,0.3,1.6,0
2017,Tanner Gentry,CHI,23,wr,4,3,6,3,50.0%,35,11.7,0,15,5.8,0.8,8.8,0
2017,Corey Grant,JAX,26,,16,0,4,3,75.0%,41,13.7,0,28,10.3,0.2,2.6,1
2017,Chris Matthews,BAL,28,,6,0,6,3,50.0%,25,8.3,0,12,4.2,0.5,4.2,0
2017,Devante Mays,GNB,23,,8,0,3,3,100.0%,0,0.0,0,1,0.0,0.4,0.0,2
2017,De'Veon Smith,MIA,23,,5,0,3,3,100.0%,27,9.0,0,13,9.0,0.6,5.4,0
2017,Jaelen Strong,2TM,23,,2,0,4,3,75.0%,38,12.7,1,19,9.5,1.5,19.0,0
2017,Randall Telfer,CLE,25,TE,16,14,4,3,75.0%,36,12.0,0,20,9.0,0.2,2.3,0
2017,Dan Vitale,CLE,24,fb,15,6,5,3,60.0%,19,6.3,0,11,3.8,0.2,1.3,0
2017,Terron Ward,ATL,25,,14,0,3,3,100.0%,14,4.7,0,11,4.7,0.2,1.0,1
2017,Markus Wheaton,CHI,26,,11,0,17,3,17.6%,51,17.0,0,22,3.0,0.3,4.6,0
2017,Chad Williams,ARI,23,wr,6,1,7,3,42.9%,31,10.3,0,15,4.4,0.5,5.2,0
2017,Nick Williams,ATL,27,,1,0,4,3,75.0%,30,10.0,0,14,7.5,3.0,30.0,0
2017,Jamal Agnew+,DET,22,,13,0,2,2,100.0%,18,9.0,0,12,9.0,0.2,1.4,3
2017,Antony Auclair,TAM,24,te/wr,8,3,2,2,100.0%,25,12.5,0,14,12.5,0.3,3.1,0
2017,Michael Burton,CHI,25,fb,16,3,4,2,50.0%,8,4.0,0,8,2.0,0.1,0.5,0
2017,Emanuel Byrd,GNB,23,,1,0,2,2,100.0%,31,15.5,0,29,15.5,2.0,31.0,0
2017,Orson Charles,KAN,26,,5,0,2,2,100.0%,53,26.5,0,35,26.5,0.4,10.6,0
2017,Jehu Chesson,KAN,24,wr,12,1,4,2,50.0%,18,9.0,0,10,4.5,0.2,1.5,0
2017,Derrick Coleman,ATL,27,fb,16,7,7,2,28.6%,20,10.0,0,11,2.9,0.1,1.3,0
2017,Jeff Cumberland,LAC,30,te,7,3,3,2,66.7%,2,1.0,0,2,0.7,0.3,0.3,0
2017,Shelton Gibson,PHI,22,,5,0,3,2,66.7%,11,5.5,0,6,3.7,0.4,2.2,0
2017,Tion Green,DET,24,,5,0,2,2,100.0%,14,7.0,0,9,7.0,0.4,2.8,0
2017,Marvin Hall,ATL,24,,8,0,9,2,22.2%,60,30.0,1,40,6.7,0.3,7.5,0
2017,De'Angelo Henderson,DEN,25,,5,0,2,2,100.0%,36,18.0,1,29,18.0,0.4,7.2,0
2017,Ryan Hewitt,CIN,26,rb,13,4,2,2,100.0%,22,11.0,0,16,11.0,0.2,1.7,0
2017,Darrius Heyward-Bey,PIT,30,,16,0,3,2,66.7%,47,23.5,0,44,15.7,0.1,2.9,0
2017,Cole Hikutini,SFO,23,,4,0,3,2,66.7%,15,7.5,0,10,5.0,0.5,3.8,0
2017,Brian Hill,2TM,22,,7,0,2,2,100.0%,36,18.0,0,34,18.0,0.3,5.1,0
2017,Jeff Janis,GNB,26,,16,0,5,2,40.0%,12,6.0,0,12,2.4,0.1,0.8,0
2017,Zach Line,NOR,27,fb,12,4,5,2,40.0%,8,4.0,1,5,1.6,0.2,0.7,0
2017,Tre Madden,SEA,24,fb,8,3,2,2,100.0%,65,32.5,0,66,32.5,0.3,8.1,0
2017,Chris Manhertz,CAR,25,te,16,4,4,2,50.0%,17,8.5,0,11,4.3,0.1,1.1,0
2017,Marcus Murphy,BUF,26,,1,0,2,2,100.0%,7,3.5,0,5,3.5,2.0,7.0,0
2017,Jojo Natson,NYJ,23,,7,0,5,2,40.0%,18,9.0,0,19,3.6,0.3,2.6,1
2017,Roosevelt Nix,PIT,25,fb/rb,16,4,3,2,66.7%,6,3.0,1,5,2.0,0.1,0.4,0
2017,Darius Powe,NYG,23,wr,1,1,4,2,50.0%,13,6.5,0,8,3.3,2.0,13.0,0
2017,Bernard Reedy,2TM,26,,11,0,2,2,100.0%,21,10.5,0,15,10.5,0.2,1.9,1
2017,Jeremy Sprinkle,WAS,23,te/wr,11,5,3,2,66.7%,13,6.5,1,7,4.3,0.2,1.2,0
2017,Geoff Swaim,DAL,24,te,15,2,2,2,100.0%,25,12.5,0,18,12.5,0.1,1.7,0
2017,Fitzgerald Toussaint,PIT,27,,6,0,3,2,66.7%,9,4.5,0,7,3.0,0.3,1.5,0
2017,Dwayne Washington,DET,23,,5,0,2,2,100.0%,14,7.0,0,10,7.0,0.4,2.8,0
2017,Derek Watt,LAC,25,fb,16,4,3,2,66.7%,35,17.5,0,23,11.7,0.1,2.2,0
2017,Terrance West,BAL,26,rb,5,4,4,2,50.0%,23,11.5,0,15,5.8,0.4,4.6,1
2017,Kevin White,CHI,25,wr,1,1,4,2,50.0%,6,3.0,0,6,1.5,2.0,6.0,0
2017,Cameron Artis-Payne,CAR,27,,13,0,1,1,100.0%,2,2.0,0,2,2.0,0.1,0.2,0
2017,Nick Bellore,DET,28,mlb,13,2,1,1,100.0%,1,1.0,1,1,1.0,0.1,0.1,0
2017,Arrelious Benn,JAX,29,,9,0,2,1,50.0%,12,12.0,0,12,6.0,0.1,1.3,0
2017,Brandon Bolden,NWE,27,,16,0,4,1,25.0%,7,7.0,0,7,1.8,0.1,0.4,0
2017,Mack Brown,2TM,26,,4,0,1,1,100.0%,11,11.0,0,11,11.0,0.3,2.8,0
2017,Harry Douglas,TEN,33,,2,0,3,1,33.3%,8,8.0,0,8,2.7,0.5,4.0,0
2017,Lance Dunbar,LAR,27,,4,0,3,1,33.3%,1,1.0,0,1,0.3,0.3,0.3,0
2017,Jimmy Garoppolo,SFO,26,qb,6,5,1,1,100.0%,-6,-6.0,0,-6,-6.0,0.2,-1.0,1
2017,Mike Gillislee,NWE,27,rb,9,2,1,1,100.0%,15,15.0,0,15,15.0,0.1,1.7,1
2017,MarQueis Gray,MIA,28,,16,0,3,1,33.3%,10,10.0,0,10,3.3,0.1,0.6,0
2017,Garrett Griffin,NOR,23,,3,0,1,1,100.0%,4,4.0,0,4,4.0,0.3,1.3,0
2017,Cobi Hamilton,HOU,27,wr,3,1,6,1,16.7%,8,8.0,0,8,1.3,0.3,2.7,0
2017,Matt Hazel,IND,25,,4,0,1,1,100.0%,1,1.0,0,1,1.0,0.3,0.3,0
2017,Brett Hundley,GNB,24,QB,11,9,1,1,100.0%,10,10.0,0,10,10.0,0.1,0.9,4
2017,Taiwan Jones,BUF,29,,8,0,2,1,50.0%,11,11.0,0,11,5.5,0.1,1.4,0
2017,Joe Kerridge,GNB,25,,4,0,1,1,100.0%,3,3.0,0,3,3.0,0.3,0.8,0
2017,Jordan Leslie,CLE,26,,2,0,1,1,100.0%,26,26.0,0,26,26.0,0.5,13.0,0
2017,Ryan Malleck,HOU,24,,2,0,1,1,100.0%,3,3.0,0,3,3.0,0.5,1.5,0
2017,Max McCaffrey,JAX,23,,5,0,1,1,100.0%,4,4.0,0,4,4.0,0.2,0.8,0
2017,Brian Mihalik,DET,25,t,15,2,1,1,100.0%,-4,-4.0,0,-4,-4.0,0.1,-0.3,0
2017,Ifeanyi Momah,ARI,28,te,9,2,2,1,50.0%,46,46.0,0,46,23.0,0.1,5.1,0
2017,Charone Peake,NYJ,25,,3,0,1,1,100.0%,3,3.0,0,3,3.0,0.3,1.0,0
2017,Senorise Perry,MIA,26,,16,0,1,1,100.0%,3,3.0,0,3,3.0,0.1,0.2,0
2017,Larry Pinkard,JAX,25,,4,0,1,1,100.0%,5,5.0,0,5,5.0,0.3,1.3,0
2017,Kalif Raymond,2TM,23,,8,0,1,1,100.0%,12,12.0,0,12,12.0,0.1,1.5,5
2017,Andre Roberts,ATL,29,,16,0,4,1,25.0%,12,12.0,0,12,3.0,0.1,0.8,4
2017,Allen Robinson,JAX,24,wr,1,1,1,1,100.0%,17,17.0,0,17,17.0,1.0,17.0,0
2017,Eric Weems,TEN,32,,16,0,2,1,50.0%,5,5.0,0,5,2.5,0.1,0.3,0
2017,Leonard Wester,TAM,24,,8,0,1,1,100.0%,2,2.0,1,2,2.0,0.1,0.3,0
2017,DeAndrew White,HOU,26,wr,2,1,7,1,14.3%,24,24.0,0,24,3.4,0.5,12.0,1
2017,Marcus Williams,2TM,26,,15,0,1,1,100.0%,31,31.0,0,31,31.0,0.1,2.1,0
2017,Jesus Wilson,TAM,22,wr,3,1,1,1,100.0%,18,18.0,1,18,18.0,0.3,6.0,0
2017,Kevin Zeitler,CLE,27,RG,16,16,1,1,100.0%,-4,-4.0,0,-4,-4.0,0.1,-0.3,0
2018,Michael Thomas+,NOR,25,WR,16,16,147,125,85.0%,1405,11.2,9,72,9.6,7.8,87.8,2
2018,Zach Ertz,PHI,28,TE,16,16,156,116,74.4%,1163,10.0,8,34,7.5,7.3,72.7,1
2018,DeAndre Hopkins+,HOU,26,WR,16,16,163,115,70.6%,1572,13.7,11,49,9.6,7.2,98.3,2
2018,Julio Jones,ATL,29,WR,16,16,170,113,66.5%,1677,14.8,8,58,9.9,7.1,104.8,2
2018,Adam Thielen,MIN,28,WR,16,16,153,113,73.9%,1373,12.2,9,68,9.0,7.1,85.8,1
2018,Davante Adams,GNB,26,WR,15,15,169,111,65.7%,1386,12.5,13,57,8.2,7.4,92.4,0
2018,JuJu Smith-Schuster,PIT,22,WR,16,13,166,111,66.9%,1426,12.8,7,97,8.6,6.9,89.1,1
2018,Christian McCaffrey,CAR,22,RB,16,16,124,107,86.3%,867,8.1,6,38,7.0,6.7,54.2,4
2018,Antonio Brown,PIT,30,WR,15,15,168,104,61.9%,1297,12.5,15,78,7.7,6.9,86.5,0
2018,Travis Kelce+,KAN,29,TE,16,16,150,103,68.7%,1336,13.0,10,43,8.9,6.4,83.5,2
2018,Stefon Diggs,MIN,25,WR,15,14,149,102,68.5%,1021,10.0,9,75,6.9,6.8,68.1,0
2018,Keenan Allen,LAC,26,WR,16,14,136,97,71.3%,1196,12.3,6,54,8.8,6.1,74.8,3
2018,Saquon Barkley,NYG,21,RB,16,16,121,91,75.2%,721,7.9,4,57,6.0,5.7,45.1,0
2018,George Kittle,SFO,25,TE,16,16,136,88,64.7%,1377,15.6,5,85,10.1,5.5,86.1,0
2018,Tyreek Hill+,KAN,24,WR,16,16,137,87,63.5%,1479,17.0,12,75,10.8,5.4,92.4,0
2018,James White,NWE,26,rb,16,3,123,87,70.7%,751,8.6,7,42,6.1,5.4,46.9,0
2018,Mike Evans,TAM,25,WR,16,16,138,86,62.3%,1524,17.7,8,72,11.0,5.4,95.3,2
2018,Robert Woods,LAR,26,WR,16,16,130,86,66.2%,1219,14.2,6,39,9.4,5.4,76.2,0
2018,Alvin Kamara,NOR,23,RB,15,13,105,81,77.1%,709,8.8,4,42,6.8,5.4,47.3,1
2018,Jarvis Landry,CLE,26,WR,16,14,149,81,54.4%,976,12.0,4,51,6.6,5.1,61.0,1
2018,Brandin Cooks,LAR,25,WR,16,16,117,80,68.4%,1204,15.1,5,57,10.3,5.0,75.3,1
2018,Odell Beckham,NYG,26,WR,12,12,124,77,62.1%,1052,13.7,6,51,8.5,6.4,87.7,2
2018,Ezekiel Elliott,DAL,23,RB,15,15,95,77,81.1%,567,7.4,3,38,6.0,5.1,37.8,6
2018,Tyler Boyd,CIN,24,WR,14,14,108,76,70.4%,1028,13.5,7,49,9.5,5.4,73.4,0
2018,T.Y. Hilton,IND,29,WR,14,14,120,76,63.3%,1270,16.7,6,68,10.6,5.4,90.7,0
2018,Adam Humphries,TAM,25,WR,16,10,105,76,72.4%,816,10.7,5,51,7.8,4.8,51.0,2
2018,Amari Cooper,2TM,24,,15,15,107,75,70.1%,1005,13.4,7,90,9.4,5.0,67.0,2
2018,Julian Edelman,NWE,32,WR,12,12,108,74,68.5%,850,11.5,6,36,7.9,6.2,70.8,1
2018,Golden Tate,2TM,30,,15,8,113,74,65.5%,795,10.7,4,67,7.0,4.9,53.0,3
2018,Tarik Cohen+,CHI,23,rb/wr,16,7,91,71,78.0%,725,10.2,5,70,8.0,4.4,45.3,7
2018,Austin Hooper,ATL,24,te,16,7,88,71,80.7%,660,9.3,4,36,7.5,4.4,41.3,0
2018,Emmanuel Sanders,DEN,31,WR,12,12,98,71,72.4%,868,12.2,4,64,8.9,5.9,72.3,1
2018,Kenny Golladay,DET,25,WR,15,13,119,70,58.8%,1063,15.2,5,60,8.9,4.7,70.9,1
2018,Larry Fitzgerald,ARI,35,WR,16,16,112,69,61.6%,734,10.6,6,37,6.6,4.3,45.9,0
2018,Jared Cook,OAK,31,TE,16,14,101,68,67.3%,896,13.2,6,45,8.9,4.3,56.0,0
2018,Jalen Richard,OAK,25,rb,16,1,81,68,84.0%,607,8.9,0,32,7.5,4.3,37.9,3
2018,Taylor Gabriel,CHI,27,WR,16,11,93,67,72.0%,688,10.3,2,54,7.4,4.2,43.0,1
2018,Eric Ebron,IND,25,te/wr,16,8,110,66,60.0%,750,11.4,13,53,6.8,4.1,46.9,1
2018,Mohamed Sanu,ATL,29,WR,16,16,94,66,70.2%,838,12.7,4,44,8.9,4.1,52.4,2
2018,Sterling Shepard,NYG,25,WR,16,16,107,66,61.7%,872,13.2,4,58,8.1,4.1,54.5,1
2018,Dede Westbrook,JAX,25,WR,16,9,101,66,65.3%,717,10.9,5,61,7.1,4.1,44.8,3
2018,Cole Beasley,DAL,29,wr,16,4,87,65,74.7%,672,10.3,3,32,7.7,4.1,42.0,0
2018,Corey Davis,TEN,23,WR,16,16,112,65,58.0%,891,13.7,4,51,8.0,4.1,55.7,1
2018,Alshon Jeffery,PHI,28,WR,13,13,92,65,70.7%,843,13.0,6,52,9.2,5.0,64.8,1
2018,Nelson Agholor,PHI,25,WR,16,16,97,64,66.0%,736,11.5,4,83,7.6,4.0,46.0,1
2018,Calvin Ridley,ATL,24,wr,16,5,92,64,69.6%,821,12.8,10,75,8.9,4.0,51.3,2
2018,Kyle Rudolph,MIN,29,TE,16,16,82,64,78.0%,634,9.9,4,44,7.7,4.0,39.6,0
2018,Nyheim Hines,IND,22,rb,16,4,81,63,77.8%,425,6.7,2,28,5.2,3.9,26.6,1
2018,Jordy Nelson,OAK,33,WR,15,14,88,63,71.6%,739,11.7,3,66,8.4,4.2,49.3,1
2018,Willie Snead,BAL,26,WR,16,10,95,62,65.3%,651,10.5,1,28,6.9,3.9,40.7,0
2018,Theo Riddick,DET,27,wr,14,3,74,61,82.4%,384,6.3,0,20,5.2,4.4,27.4,0
2018,Danny Amendola,MIA,33,WR,15,15,79,59,74.7%,575,9.7,1,39,7.3,3.9,38.3,2
2018,Chris Godwin,TAM,22,wr,16,5,95,59,62.1%,842,14.3,7,48,8.9,3.7,52.6,4
2018,Todd Gurley+,LAR,24,RB,14,14,81,59,72.8%,580,9.8,4,56,7.2,4.2,41.4,1
2018,Dion Lewis,TEN,28,rb,16,7,67,59,88.1%,400,6.8,1,37,6.0,3.7,25.0,1
2018,Demaryius Thomas,2TM,31,,15,15,89,59,66.3%,677,11.5,5,45,7.6,3.9,45.1,0
2018,Tyler Lockett,SEA,26,WR,16,14,70,57,81.4%,965,16.9,10,52,13.8,3.6,60.3,2
2018,Zay Jones,BUF,23,WR,16,15,102,56,54.9%,652,11.6,7,57,6.4,3.5,40.8,1
2018,David Njoku,CLE,22,TE,16,14,88,56,63.6%,639,11.4,4,66,7.3,3.5,39.9,0
2018,James Conner,PIT,23,RB,13,12,71,55,77.5%,497,9.0,1,29,7.0,4.2,38.2,4
2018,Jimmy Graham,GNB,32,TE,16,12,89,55,61.8%,636,11.6,2,54,7.1,3.4,39.8,0
2018,D.J. Moore,CAR,21,WR,16,10,82,55,67.1%,788,14.3,2,82,9.6,3.4,49.3,4
2018,Allen Robinson,CHI,25,WR,13,12,94,55,58.5%,754,13.7,4,43,8.0,4.2,58.0,1
2018,T.J. Yeldon,JAX,25,rb,14,5,78,55,70.5%,487,8.9,4,37,6.2,3.9,34.8,1
2018,Trey Burton,CHI,27,TE,16,16,76,54,71.1%,569,10.5,6,47,7.5,3.4,35.6,1
2018,Michael Crabtree,BAL,31,WR,16,16,100,54,54.0%,607,11.2,3,27,6.1,3.4,37.9,0
2018,Jordan Reed,WAS,28,te/wr,13,8,84,54,64.3%,558,10.3,2,34,6.6,4.2,42.9,1
2018,Kenyan Drake,MIA,24,rb,16,7,73,53,72.6%,477,9.0,5,52,6.5,3.3,29.8,2
2018,Chester Rogers,IND,24,WR,16,10,72,53,73.6%,485,9.2,2,34,6.7,3.3,30.3,1
2018,Robby Anderson,NYJ,25,WR,14,9,94,50,53.2%,752,15.0,6,76,8.0,3.6,53.7,2
2018,Doug Baldwin,SEA,30,WR,13,13,73,50,68.5%,618,12.4,5,42,8.5,3.8,47.5,0
2018,Melvin Gordon,LAC,25,RB,12,12,66,50,75.8%,490,9.8,4,66,7.4,4.2,40.8,1
2018,David Johnson,ARI,27,RB,16,16,76,50,65.8%,446,8.9,3,40,5.9,3.1,27.9,3
2018,Vance McDonald,PIT,28,TE,15,14,72,50,69.4%,610,12.2,4,75,8.5,3.3,40.7,2
2018,Donte Moncrief,JAX,25,WR,16,14,89,48,53.9%,668,13.9,3,80,7.5,3.0,41.8,1
2018,Rob Gronkowski,NWE,29,TE,13,11,72,47,65.3%,682,14.5,3,42,9.5,3.6,52.5,1
2018,Duke Johnson,CLE,25,rb,16,2,62,47,75.8%,429,9.1,3,32,6.9,2.9,26.8,1
2018,A.J. Green,CIN,30,WR,9,9,77,46,59.7%,694,15.1,6,38,9.0,5.1,77.1,2
2018,Evan Engram,NYG,24,TE,11,8,64,45,70.3%,577,12.8,3,54,9.0,4.1,52.5,0
2018,Seth Roberts,OAK,27,wr,15,7,64,45,70.3%,494,11.0,2,44,7.7,3.0,32.9,0
2018,Josh Doctson,WAS,26,WR,15,12,78,44,56.4%,532,12.1,2,32,6.8,2.9,35.5,0
2018,Devin Funchess,CAR,24,WR,14,12,79,44,55.7%,549,12.5,4,27,6.9,3.1,39.2,0
2018,Antonio Callaway,CLE,21,WR,16,11,79,43,54.4%,586,13.6,5,71,7.4,2.7,36.6,1
2018,Christian Kirk,ARI,22,wr,12,7,68,43,63.2%,590,13.7,3,75,8.7,3.6,49.2,0
2018,Joe Mixon,CIN,22,RB,14,13,55,43,78.2%,296,6.9,1,21,5.4,3.1,21.1,0
2018,C.J. Uzomah,CIN,25,TE,16,15,64,43,67.2%,439,10.2,3,29,6.9,2.7,27.4,0
2018,Mike Williams,LAC,24,wr,16,5,66,43,65.2%,664,15.4,10,55,10.1,2.7,41.5,0
2018,Jarius Wright,CAR,29,fb/wr,16,6,59,43,72.9%,447,10.4,1,33,7.6,2.7,27.9,3
2018,Kendrick Bourne,SFO,23,WR,16,8,66,42,63.6%,487,11.6,4,33,7.4,2.6,30.4,1
2018,John Brown,BAL,28,WR,16,15,97,42,43.3%,715,17.0,5,71,7.4,2.6,44.7,0
2018,Courtland Sutton,DEN,23,WR,16,9,84,42,50.0%,704,16.8,4,42,8.4,2.6,44.0,0
2018,Josh Gordon,2TM,27,,12,12,71,41,57.7%,737,18.0,4,55,10.4,3.4,61.4,0
2018,DeSean Jackson,TAM,32,WR,12,10,74,41,55.4%,774,18.9,4,75,10.5,3.4,64.5,0
2018,Chris Thompson,WAS,28,,10,0,55,41,74.5%,268,6.5,1,23,4.9,4.1,26.8,1
2018,Tyrell Williams,LAC,26,lcb/wr,16,10,65,41,63.1%,653,15.9,5,75,10.0,2.6,40.8,2
2018,Dalvin Cook,MIN,23,RB,11,10,49,40,81.6%,305,7.6,2,27,6.2,3.6,27.7,2
2018,Cooper Kupp,LAR,25,WR,8,8,55,40,72.7%,566,14.2,6,70,10.3,5.0,70.8,0
2018,Sammy Watkins,KAN,25,WR,10,9,55,40,72.7%,519,13.0,3,50,9.4,4.0,51.9,1
2018,Austin Ekeler,LAC,23,rb,14,3,53,39,73.6%,404,10.4,3,44,7.6,2.8,28.9,1
2018,Chris Herndon,NYJ,22,TE,16,12,56,39,69.6%,502,12.9,4,32,9.0,2.4,31.4,2
2018,Rashard Higgins,CLE,24,wr,13,1,53,39,73.6%,572,14.7,4,40,10.8,3.0,44.0,2
2018,Curtis Samuel,CAR,22,WR,13,8,65,39,60.0%,494,12.7,5,53,7.6,3.0,38.0,1
2018,Devontae Booker,DEN,26,,16,0,51,38,74.5%,275,7.2,0,30,5.4,2.4,17.2,1
2018,Randall Cobb,GNB,28,wr,9,6,61,38,62.3%,383,10.1,2,75,6.3,4.2,42.6,2
2018,Keelan Cole,JAX,25,WR,16,11,70,38,54.3%,491,12.9,1,35,7.0,2.4,30.7,2
2018,Quincy Enunwa,NYJ,26,WR,11,10,68,38,55.9%,449,11.8,1,42,6.6,3.5,40.8,2
2018,Jacquizz Rodgers,TAM,28,,16,0,45,38,84.4%,304,8.0,0,24,6.8,2.4,19.0,1
2018,Marquez Valdes-Scantling,GNB,24,WR,16,10,73,38,52.1%,581,15.3,2,60,8.0,2.4,36.3,0
2018,Jermaine Kearse,NYJ,28,WR,14,9,76,37,48.7%,371,10.0,1,29,4.9,2.6,26.5,0
2018,Kenny Stills,MIA,26,WR,15,15,64,37,57.8%,553,14.9,6,75,8.6,2.5,36.9,1
2018,Taywan Taylor,TEN,23,wr,13,5,56,37,66.1%,466,12.6,1,55,8.3,2.8,35.8,1
2018,Ryan Switzer,PIT,24,wr,16,1,44,36,81.8%,253,7.0,1,24,5.8,2.3,15.8,2
2018,Ian Thomas,CAR,22,te,16,6,49,36,73.5%,333,9.3,2,31,6.8,2.3,20.8,0
2018,Javorius Allen,BAL,27,,14,0,43,35,81.4%,196,5.6,2,17,4.6,2.5,14.0,1
2018,Giovani Bernard,CIN,27,rb,12,4,48,35,72.9%,218,6.2,0,26,4.5,2.9,18.2,0
2018,Ryan Grant,IND,28,WR,14,10,52,35,67.3%,334,9.5,1,23,6.4,2.5,23.9,0
2018,Chris Hogan,NWE,30,wr,16,7,55,35,63.6%,532,15.2,3,63,9.7,2.2,33.3,0
2018,Marvin Jones,DET,28,WR,9,9,62,35,56.5%,508,14.5,5,39,8.2,3.9,56.4,0
2018,Phillip Lindsay,DEN,24,RB,15,8,47,35,74.5%,241,6.9,1,29,5.1,2.3,16.1,0
2018,Laquon Treadwell,MIN,23,wr,15,7,53,35,66.0%,302,8.6,1,22,5.7,2.3,20.1,0
2018,Ben Watson,NOR,38,te,16,4,46,35,76.1%,400,11.4,2,32,8.7,2.2,25.0,0
2018,Mark Andrews,BAL,22,te,16,3,50,34,68.0%,552,16.2,3,74,11.0,2.1,34.5,0
2018,Mike Davis,SEA,25,rb,15,2,42,34,81.0%,214,6.3,1,18,5.1,2.3,14.3,0
2018,O.J. Howard,TAM,24,TE,10,8,48,34,70.8%,565,16.6,5,75,11.8,3.4,56.5,0
2018,LeSean McCoy,BUF,30,RB,14,13,46,34,73.9%,238,7.0,0,24,5.2,2.4,17.0,0
2018,Ricky Seals-Jones,ARI,23,te,15,5,69,34,49.3%,343,10.1,1,40,5.0,2.3,22.9,0
2018,Gerald Everett,LAR,24,,16,0,50,33,66.0%,320,9.7,3,40,6.4,2.1,20.0,0
2018,Michael Gallup,DAL,22,WR,16,8,68,33,48.5%,507,15.4,2,49,7.5,2.1,31.7,0
2018,Dallas Goedert,PHI,23,TE,16,8,44,33,75.0%,334,10.1,4,32,7.6,2.1,20.9,0
2018,Anthony Miller,CHI,24,wr,15,4,54,33,61.1%,423,12.8,7,55,7.8,2.2,28.2,1
2018,Tevin Coleman,ATL,25,RB,16,14,44,32,72.7%,276,8.6,5,39,6.3,2.0,17.3,2
2018,Chris Conley,KAN,26,WR,16,13,52,32,61.5%,334,10.4,5,27,6.4,2.0,20.9,2
2018,Phillip Dorsett,NWE,25,wr,16,2,42,32,76.2%,290,9.1,3,20,6.9,2.0,18.1,0
2018,Will Fuller,HOU,24,wr,7,7,45,32,71.1%,503,15.7,4,73,11.2,4.6,71.9,0
2018,Kerryon Johnson,DET,21,rb/wr,10,7,39,32,82.1%,213,6.7,1,24,5.5,3.2,21.3,1
2018,Bruce Ellington,2TM,27,,7,3,42,31,73.8%,224,7.2,1,23,5.3,4.4,32.0,1
2018,Jeff Heuerman,DEN,26,TE,11,10,48,31,64.6%,281,9.1,2,36,5.9,2.8,25.5,0
2018,Cameron Brate,TAM,27,te,16,2,49,30,61.2%,289,9.6,6,21,5.9,1.9,18.1,1
2018,DaeSean Hamilton,DEN,23,wr,14,5,45,30,66.7%,243,8.1,2,24,5.4,2.1,17.4,0
2018,Jesse James,PIT,24,te,16,7,39,30,76.9%,423,14.1,2,51,10.8,1.9,26.4,0
2018,Kyle Juszczyk,SFO,27,FB,16,14,41,30,73.2%,324,10.8,1,56,7.9,1.9,20.3,2
2018,Jamison Crowder,WAS,25,wr,9,7,49,29,59.2%,388,13.4,2,79,7.9,3.2,43.1,0
2018,Josh Reynolds,LAR,23,WR,16,8,53,29,54.7%,402,13.9,5,33,7.6,1.8,25.1,0
2018,Nick Vannett,SEA,25,TE,15,9,43,29,67.4%,269,9.3,3,32,6.3,1.9,17.9,1
2018,Keke Coutee,HOU,21,wr,6,2,41,28,68.3%,287,10.3,1,40,7.0,4.7,47.8,0
2018,Antonio Gates,LAC,38,te,16,1,45,28,62.2%,333,11.9,2,27,7.4,1.8,20.8,1
2018,Maurice Harris,WAS,26,wr,12,7,47,28,59.6%,304,10.9,0,42,6.5,2.3,25.3,1
2018,Dontrelle Inman,IND,29,wr,9,4,39,28,71.8%,304,10.9,3,29,7.8,3.1,33.8,0
2018,Wendell Smallwood,PHI,24,rb,16,6,35,28,80.0%,230,8.2,2,36,6.6,1.8,14.4,2
2018,Tre'Quan Smith,NOR,22,wr,15,7,44,28,63.6%,427,15.3,5,62,9.7,1.9,28.5,0
2018,Matt Breida,SFO,23,RB,14,13,31,27,87.1%,261,9.7,2,26,8.4,1.9,18.6,1
2018,Robert Foster,BUF,24,wr,13,3,44,27,61.4%,541,20.0,3,75,12.3,2.1,41.6,0
2018,Blake Jarwin,DAL,24,te,16,4,36,27,75.0%,307,11.4,3,39,8.5,1.7,19.2,0
2018,Greg Olsen,CAR,33,TE,9,9,38,27,71.1%,291,10.8,4,23,7.7,3.0,32.3,0
2018,Zach Pascal,IND,24,wr,16,4,46,27,58.7%,268,9.9,2,28,5.8,1.7,16.8,0
2018,Dante Pettis,SFO,23,wr,12,7,45,27,60.0%,467,17.3,5,75,10.4,2.3,38.9,2
2018,Ito Smith,ATL,23,,14,0,32,27,84.4%,152,5.6,0,20,4.8,1.9,10.9,1
2018,Jamaal Williams,GNB,23,RB,16,8,41,27,65.9%,210,7.8,0,26,5.1,1.7,13.1,0
2018,Jack Doyle,IND,28,te,6,6,33,26,78.8%,245,9.4,2,20,7.4,4.3,40.8,1
2018,Kareem Hunt,KAN,23,RB,11,11,35,26,74.3%,378,14.5,7,67,10.8,2.4,34.4,0
2018,Aaron Jones,GNB,24,RB,12,8,35,26,74.3%,206,7.9,1,24,5.9,2.2,17.2,1
2018,David Moore,SEA,23,wr,16,7,53,26,49.1%,445,17.1,5,54,8.4,1.6,27.8,2
2018,Jaylen Samuels,PIT,22,rb,14,3,29,26,89.7%,199,7.7,3,23,6.9,1.9,14.2,1
2018,Tajae Sharpe,TEN,24,WR,16,13,47,26,55.3%,316,12.2,2,28,6.7,1.6,19.8,0
2018,Geoff Swaim,DAL,25,TE,9,9,32,26,81.3%,242,9.3,1,43,7.6,2.9,26.9,0
2018,Trent Taylor,SFO,24,,14,0,41,26,63.4%,215,8.3,1,23,5.2,1.9,15.4,1
2018,Albert Wilson,MIA,26,wr,7,3,35,26,74.3%,391,15.0,4,75,11.2,3.7,55.9,0
2018,Kelvin Benjamin,2TM,27,,15,10,67,25,37.3%,380,15.2,1,40,5.7,1.7,25.3,0
2018,Vernon Davis,WAS,34,te/wr,14,8,36,25,69.4%,367,14.7,2,53,10.2,1.8,26.2,0
2018,Rhett Ellison,NYG,30,TE,14,12,34,25,73.5%,272,10.9,1,29,8.0,1.8,19.4,0
2018,Lamar Miller,HOU,27,RB,14,14,35,25,71.4%,163,6.5,1,16,4.7,1.8,11.6,1
2018,Ty Montgomery,2TM,25,,13,0,40,25,62.5%,235,9.4,0,43,5.9,1.9,18.1,2
2018,Pierre Garcon,SFO,32,WR,8,8,46,24,52.2%,286,11.9,1,25,6.2,3.0,35.8,0
2018,Ryan Griffin,HOU,28,TE,14,11,43,24,55.8%,305,12.7,0,47,7.1,1.7,21.8,0
2018,Tyler Higbee,LAR,25,TE,16,16,34,24,70.6%,292,12.2,2,36,8.6,1.5,18.3,1
2018,Matt LaCosse,DEN,26,te,15,5,37,24,64.9%,250,10.4,1,44,6.8,1.6,16.7,0
2018,James O'Shaughnessy,JAX,26,TE,14,9,38,24,63.2%,214,8.9,0,17,5.6,1.7,15.3,0
2018,DeVante Parker,MIA,25,wr,11,7,47,24,51.1%,309,12.9,1,46,6.6,2.2,28.1,0
2018,Nick Boyle,BAL,25,TE,16,13,37,23,62.2%,213,9.3,0,25,5.8,1.4,13.3,0
2018,Marquise Goodwin,SFO,28,WR,11,8,43,23,53.5%,395,17.2,4,67,9.2,2.1,35.9,1
2018,Tim Patrick,DEN,25,wr,16,4,41,23,56.1%,315,13.7,1,26,7.7,1.4,19.7,2
2018,Damien Williams,KAN,26,rb,16,3,24,23,95.8%,160,7.0,2,32,6.7,1.4,10.0,1
2018,DeAndre Carter,2TM,25,,14,4,25,22,88.0%,216,9.8,0,50,8.6,1.6,15.4,5
2018,Corey Clement,PHI,24,,11,0,25,22,88.0%,192,8.7,0,23,7.7,2.0,17.5,4
2018,Jason Croom,BUF,24,te,15,3,35,22,62.9%,259,11.8,1,26,7.4,1.5,17.3,2
2018,Leonard Fournette,JAX,23,RB,8,8,26,22,84.6%,185,8.4,1,31,7.1,2.8,23.1,0
2018,Mike Gesicki,MIA,23,te,16,7,32,22,68.8%,202,9.2,0,27,6.3,1.4,12.6,1
2018,Latavius Murray,MIN,28,rb,16,6,26,22,84.6%,141,6.4,0,16,5.4,1.4,8.8,0
2018,Demarcus Robinson,KAN,24,wr,16,5,33,22,66.7%,288,13.1,4,89,8.7,1.4,18.0,0
2018,Charles Clay,BUF,29,TE/wr,13,12,36,21,58.3%,184,8.8,0,21,5.1,1.6,14.2,1
2018,Isaiah Crowell,NYJ,25,rb,13,6,28,21,75.0%,152,7.2,0,21,5.4,1.6,11.7,0
2018,Jakeem Grant,MIA,26,wr,10,2,34,21,61.8%,268,12.8,2,52,7.9,2.1,26.8,0
2018,Mark Ingram,NOR,29,rb,12,6,27,21,77.8%,170,8.1,1,28,6.3,1.8,14.2,3
2018,Cordarrelle Patterson,NWE,27,rb/wr,15,5,28,21,75.0%,247,11.8,3,55,8.8,1.4,16.5,1
2018,John Ross,CIN,24,WR,13,10,58,21,36.2%,210,10.0,7,39,3.6,1.6,16.2,0
2018,Equanimeous St. Brown,GNB,22,wr,12,7,36,21,58.3%,328,15.6,0,54,9.1,1.8,27.3,0
2018,Levine Toilolo,DET,27,TE,16,10,24,21,87.5%,263,12.5,1,39,11.0,1.3,16.4,0
2018,Geronimo Allison,GNB,24,wr,5,4,30,20,66.7%,303,15.2,2,64,10.1,4.0,60.6,1
2018,Peyton Barber,TAM,24,RB,16,16,29,20,69.0%,92,4.6,1,10,3.2,1.3,5.8,1
2018,Alfred Blue,HOU,27,rb,16,2,27,20,74.1%,154,7.7,0,28,5.7,1.3,9.6,0
2018,Chris Carson,SEA,24,RB,14,14,24,20,83.3%,163,8.2,0,27,6.8,1.4,11.6,3
2018,Nick Chubb,CLE,23,RB,16,9,29,20,69.0%,149,7.5,2,24,5.1,1.3,9.3,0
2018,Chase Edmonds,ARI,22,,16,0,23,20,87.0%,103,5.2,0,13,4.5,1.3,6.4,1
2018,Alex Erickson,CIN,26,wr,16,6,29,20,69.0%,167,8.4,0,28,5.8,1.3,10.4,1
2018,Jordan Howard,CHI,24,RB,16,15,26,20,76.9%,145,7.3,0,18,5.6,1.3,9.1,2
2018,Allen Hurns,DAL,27,wr,16,7,35,20,57.1%,295,14.8,2,49,8.4,1.3,18.4,1
2018,Jordan Matthews,PHI,26,wr,14,3,28,20,71.4%,300,15.0,2,56,10.7,1.4,21.4,0
2018,Adrian Peterson,WAS,33,RB,16,16,26,20,76.9%,208,10.4,1,52,8.0,1.3,13.0,3
2018,Paul Richardson,WAS,26,wr,7,4,35,20,57.1%,262,13.1,2,46,7.5,2.9,37.4,0
2018,Jonnu Smith,TEN,23,TE,13,12,30,20,66.7%,258,12.9,3,61,8.6,1.5,19.8,1
2018,Jordan Thomas,HOU,22,TE,16,10,27,20,74.1%,215,10.8,4,39,8.0,1.3,13.4,0
2018,Spencer Ware,KAN,27,rb,13,2,23,20,87.0%,224,11.2,0,31,9.7,1.5,17.2,0
2018,Martavis Bryant,OAK,27,wr,8,2,27,19,70.4%,266,14.0,0,47,9.9,2.4,33.3,1
2018,Anthony Firkser,TEN,23,,12,0,20,19,95.0%,225,11.8,1,28,11.3,1.6,18.8,0
2018,Virgil Green,LAC,30,TE,16,16,27,19,70.4%,210,11.1,1,26,7.8,1.2,13.1,0
2018,T.J. Jones,DET,26,wr,15,3,26,19,73.1%,190,10.0,2,26,7.3,1.3,12.7,0
2018,Lance Kendricks,GNB,30,te,16,3,25,19,76.0%,170,8.9,1,22,6.8,1.2,10.6,0
2018,Elijah McGuire,NYJ,24,rb,8,3,31,19,61.3%,193,10.2,1,20,6.2,2.4,24.1,2
2018,Chris Moore,BAL,25,,16,0,25,19,76.0%,196,10.3,1,30,7.8,1.2,12.3,0
2018,Trent Sherfield,ARI,22,wr,13,2,28,19,67.9%,210,11.1,1,21,7.5,1.5,16.2,0
2018,Doug Martin,OAK,29,RB,16,9,24,18,75.0%,116,6.4,0,23,4.8,1.1,7.3,3
2018,Isaiah McKenzie,2TM,23,,8,1,30,18,60.0%,179,9.9,0,23,6.0,2.3,22.4,2
2018,Jordan Akins,HOU,26,te,16,6,25,17,68.0%,225,13.2,0,28,9.0,1.1,14.1,0
2018,Trenton Cannon,NYJ,24,,16,0,25,17,68.0%,144,8.5,0,35,5.8,1.1,9.0,0
2018,Ted Ginn,NOR,33,wr,5,3,30,17,56.7%,209,12.3,2,42,7.0,3.4,41.8,1
2018,Marlon Mack,IND,22,RB,12,10,26,17,65.4%,103,6.1,1,29,4.0,1.4,8.6,2
2018,Aldrick Robinson,MIN,30,,14,0,35,17,48.6%,231,13.6,5,40,6.6,1.2,16.5,0
2018,Torrey Smith,CAR,29,wr,11,6,31,17,54.8%,190,11.2,2,35,6.1,1.5,17.3,0
2018,Deonte Thompson,2TM,29,,13,6,30,17,56.7%,161,9.5,0,15,5.4,1.3,12.4,0
2018,Chad Williams,ARI,24,wr,10,7,46,17,37.0%,171,10.1,1,22,3.7,1.7,17.1,0
2018,Kapri Bibbs,2TM,25,,12,0,23,16,69.6%,115,7.2,1,23,5.0,1.3,9.6,1
2018,Bennie Fowler,NYG,27,wr,10,5,27,16,59.3%,199,12.4,1,26,7.4,1.6,19.9,1
2018,Josh Hill,NOR,28,TE,16,11,24,16,66.7%,185,11.6,1,23,7.7,1.0,11.6,0
2018,Breshad Perriman,CLE,25,wr,10,2,25,16,64.0%,340,21.3,2,66,13.6,1.6,34.0,0
2018,Terrelle Pryor,2TM,29,,8,1,30,16,53.3%,252,15.8,2,44,8.4,2.0,31.5,0
2018,James Washington,PIT,22,wr,14,6,38,16,42.1%,217,13.6,1,47,5.7,1.1,15.5,0
2018,Jordan Wilkins,IND,24,rb,16,3,17,16,94.1%,85,5.3,0,17,5.0,1.0,5.3,2
2018,Maxx Williams,BAL,24,te,13,6,17,16,94.1%,143,8.9,1,25,8.4,1.2,11.0,0
2018,Marcell Ateman,OAK,24,wr,7,6,31,15,48.4%,154,10.3,1,32,5.0,2.1,22.0,0
2018,Alex Collins,BAL,24,RB,10,10,21,15,71.4%,105,7.0,1,24,5.0,1.5,10.5,3
2018,Tyler Eifert,CIN,28,te,4,2,19,15,78.9%,179,11.9,1,29,9.4,3.8,44.8,0
2018,Derrick Henry,TEN,24,RB,16,12,18,15,83.3%,99,6.6,0,21,5.5,0.9,6.2,1
2018,Justin Jackson,LAC,23,rb,13,1,19,15,78.9%,135,9.0,0,19,7.1,1.2,10.4,0
2018,Marshawn Lynch,OAK,32,rb,6,6,20,15,75.0%,84,5.6,0,17,4.2,2.5,14.0,0
2018,Darren Sproles,PHI,35,rb,6,2,23,15,65.2%,160,10.7,2,37,7.0,2.5,26.7,0
2018,Luke Stocker,TEN,30,TE,16,11,21,15,71.4%,165,11.0,2,31,7.9,0.9,10.3,0
2018,Josh Bellamy,CHI,29,wr,16,2,25,14,56.0%,117,8.4,1,20,4.7,0.9,7.3,0
2018,Jaron Brown,SEA,28,wr,16,2,19,14,73.7%,166,11.9,5,45,8.7,0.9,10.4,0
2018,Rex Burkhead,NWE,28,rb/wr,8,4,20,14,70.0%,131,9.4,1,25,6.6,1.8,16.4,2
2018,DJ Chark,JAX,22,,11,0,32,14,43.8%,174,12.4,0,38,5.4,1.3,15.8,1
2018,Royce Freeman,DEN,22,RB,14,8,20,14,70.0%,72,5.1,0,9,3.6,1.0,5.1,1
2018,Wayne Gallman,NYG,24,rb,15,2,22,14,63.6%,89,6.4,0,21,4.0,0.9,5.9,2
2018,Justin Hardy,ATL,27,,16,0,22,14,63.6%,133,9.5,2,19,6.0,0.9,8.3,1
2018,Jordan Leggett,NYJ,23,te,15,4,24,14,58.3%,114,8.1,1,16,4.8,0.9,7.6,0
2018,Cody Core,CIN,24,wr,14,3,28,13,46.4%,160,12.3,1,30,5.7,0.9,11.4,0
2018,Andre Holmes,2TM,30,,15,3,24,13,54.2%,162,12.5,0,24,6.8,0.9,10.8,0
2018,Hayden Hurst,BAL,25,,12,0,23,13,56.5%,163,12.5,1,32,7.1,1.1,13.6,0
2018,Chris Ivory,BUF,30,rb,13,1,21,13,61.9%,205,15.8,0,55,9.8,1.0,15.8,1
2018,Keith Kirkwood,NOR,25,wr,8,1,21,13,61.9%,209,16.1,2,42,10.0,1.6,26.1,0
2018,Damion Ratley,CLE,23,wr,13,3,20,13,65.0%,144,11.1,0,27,7.2,1.0,11.1,0
2018,Luke Willson,DET,28,TE,14,8,19,13,68.4%,87,6.7,0,13,4.6,0.9,6.2,0
2018,Dan Arnold,NOR,23,te,10,1,19,12,63.2%,150,12.5,1,25,7.9,1.2,15.0,1
2018,Travis Benjamin,LAC,29,wr,12,3,24,12,50.0%,186,15.5,1,46,7.8,1.0,15.5,0
2018,James Develin,NWE,30,fb/rb/te,16,8,17,12,70.6%,61,5.1,0,11,3.6,0.8,3.8,0
2018,Ed Dickson,SEA,31,te,10,1,13,12,92.3%,143,11.9,3,42,11.0,1.2,14.3,0
2018,Frank Gore,MIA,35,RB,14,14,16,12,75.0%,124,10.3,1,24,7.8,0.9,8.9,1
2018,Demetrius Harris,KAN,27,te,15,3,25,12,48.0%,164,13.7,3,35,6.6,0.8,10.9,0
2018,Brandon LaFell,OAK,32,wr,6,5,16,12,75.0%,135,11.3,2,24,8.4,2.0,22.5,0
2018,Eli Rogers,PIT,26,wr,3,3,14,12,85.7%,79,6.6,0,17,5.6,4.0,26.3,1
2018,Dalton Schultz,DAL,22,te,11,7,17,12,70.6%,116,9.7,0,17,6.8,1.1,10.5,0
2018,Logan Thomas,BUF,27,te,12,3,17,12,70.6%,77,6.4,0,24,4.5,1.0,6.4,0
2018,Jeff Wilson,SFO,23,rb,6,2,15,12,80.0%,98,8.2,0,24,6.5,2.0,16.3,3
2018,Darren Fells,CLE,32,TE,16,11,12,11,91.7%,117,10.6,3,49,9.8,0.7,7.3,0
2018,C.J. Ham,MIN,25,rb/te,15,2,15,11,73.3%,85,7.7,0,17,5.7,0.7,5.7,0
2018,Darius Jennings,TEN,26,,16,0,15,11,73.3%,101,9.2,0,36,6.7,0.7,6.3,0
2018,Andy Jones,DET,24,wr,8,3,24,11,45.8%,80,7.3,1,15,3.3,1.4,10.0,0
2018,Cody Latimer,NYG,26,wr,6,2,16,11,68.8%,190,17.3,1,39,11.9,1.8,31.7,0
2018,Brandon Marshall,SEA,34,wr,7,2,23,11,47.8%,136,12.4,1,27,5.9,1.6,19.4,0
2018,Marcus Murphy,BUF,27,rb,11,1,19,11,57.9%,26,2.4,0,8,1.4,1.0,2.4,1
2018,Bilal Powell,NYJ,30,rb,7,7,18,11,61.1%,110,10.0,1,28,6.1,1.6,15.7,2
2018,Brandon Powell,DET,22,wr,6,1,17,11,64.7%,129,11.7,0,41,7.6,1.8,21.5,0
2018,Austin Seferian-Jenkins,JAX,26,te,5,5,19,11,57.9%,90,8.2,1,21,4.7,2.2,18.0,0
2018,LeGarrette Blount,DET,32,RB,16,8,15,10,66.7%,67,6.7,0,23,4.5,0.6,4.2,2
2018,Deontay Burnett,NYJ,21,wr,5,1,15,10,66.7%,143,14.3,0,29,9.5,2.0,28.6,0
2018,Michael Floyd,WAS,29,wr,13,3,24,10,41.7%,100,10.0,1,20,4.2,0.8,7.7,0
2018,Marvin Hall,ATL,25,,16,0,19,10,52.6%,149,14.9,1,47,7.8,0.6,9.3,0
2018,Carlos Hyde,2TM,28,,14,7,16,10,62.5%,33,3.3,0,9,2.1,0.7,2.4,2
2018,Niles Paul,JAX,29,te,6,1,13,10,76.9%,98,9.8,0,22,7.5,1.7,16.3,0
2018,Andre Roberts+,NYJ,30,wr,16,1,17,10,58.8%,79,7.9,1,20,4.6,0.6,4.9,3
2018,Russell Shepard,NYG,28,,12,0,19,10,52.6%,188,18.8,2,49,9.9,0.8,15.7,0
2018,Lee Smith,OAK,31,te,16,4,11,10,90.9%,73,7.3,3,30,6.6,0.6,4.6,0
2018,Kalen Ballage,MIA,23,,12,0,11,9,81.8%,56,6.2,0,31,5.1,0.8,4.7,1
2018,Austin Carr,NOR,25,wr,14,2,14,9,64.3%,97,10.8,2,25,6.9,0.6,6.9,0
2018,Corey Grant,JAX,27,rb,5,1,12,9,75.0%,67,7.4,0,16,5.6,1.8,13.4,0
2018,Jermaine Gresham,ARI,30,TE,13,11,12,9,75.0%,94,10.4,0,26,7.8,0.7,7.2,1
2018,Dontrell Hilliard,CLE,23,,11,0,10,9,90.0%,105,11.7,0,24,10.5,0.8,9.5,0
2018,Richie James,SFO,23,wr,13,2,14,9,64.3%,130,14.4,1,53,9.3,0.7,10.0,2
2018,Cameron Meredith,NOR,26,wr,6,1,10,9,90.0%,114,12.7,1,46,11.4,1.5,19.0,1
2018,Logan Paulsen,ATL,31,TE,15,10,9,9,100.0%,91,10.1,1,19,10.1,0.6,6.1,0
2018,Rashaad Penny,SEA,22,,14,0,12,9,75.0%,75,8.3,0,24,6.3,0.6,5.4,0
2018,MyCole Pruitt,TEN,26,te,15,1,11,9,81.8%,102,11.3,1,27,9.3,0.6,6.8,0
2018,Trey Quinn,WAS,23,wr,3,2,10,9,90.0%,75,8.3,1,15,7.5,3.0,25.0,0
2018,Michael Roberts,DET,24,te,8,2,20,9,45.0%,100,11.1,3,29,5.0,1.1,12.5,0
2018,Scott Simonson,NYG,26,te,16,4,14,9,64.3%,86,9.6,1,24,6.1,0.6,5.4,0
2018,Rod Smith,DAL,26,rb,16,1,12,9,75.0%,60,6.7,0,14,5.0,0.6,3.8,0
2018,Tavon Austin,DAL,28,,7,0,13,8,61.5%,140,17.5,2,64,10.8,1.1,20.0,0
2018,Cameron Batson,TEN,23,wr,11,2,11,8,72.7%,82,10.3,0,26,7.5,0.7,7.5,1
2018,Blake Bell,JAX,27,te,10,4,11,8,72.7%,67,8.4,0,16,6.1,0.8,6.7,0
2018,Jake Butt,DEN,23,te,3,3,13,8,61.5%,85,10.6,0,22,6.5,2.7,28.3,0
2018,Will Dissly,SEA,22,te,4,4,14,8,57.1%,156,19.5,2,66,11.1,2.0,39.0,0
2018,Andy Janovich,DEN,25,fb,16,7,10,8,80.0%,112,14.0,1,32,11.2,0.5,7.0,0
2018,Jake Kumerow,GNB,26,wr,5,2,11,8,72.7%,103,12.9,1,49,9.4,1.6,20.6,0
2018,Taquan Mizzell,CHI,25,wr,9,1,10,8,80.0%,78,9.8,1,26,7.8,0.9,8.7,0
2018,Alfred Morris,SFO,30,rb,12,1,13,8,61.5%,73,9.1,0,16,5.6,0.7,6.1,2
2018,Nick O'Leary,MIA,26,te,12,7,10,8,80.0%,86,10.8,1,19,8.6,0.7,7.2,0
2018,Elijhaa Penny,NYG,25,rb,14,3,9,8,88.9%,50,6.3,0,16,5.6,0.6,3.6,0
2018,Anthony Sherman,KAN,30,fb,16,1,9,8,88.9%,96,12.0,1,36,10.7,0.5,6.0,0
2018,Erik Swoope,IND,26,te,7,2,10,8,80.0%,87,10.9,3,26,8.7,1.1,12.4,0
2018,Eric Tomlinson,NYJ,26,TE,15,12,14,8,57.1%,72,9.0,0,24,5.1,0.5,4.8,0
2018,Josh Adams,PHI,22,rb,14,5,13,7,53.8%,58,8.3,0,13,4.5,0.5,4.1,1
2018,Mo Alie-Cox,IND,25,te,9,1,13,7,53.8%,133,19.0,2,34,10.2,0.8,14.8,0
2018,Antony Auclair,TAM,25,TE,16,10,8,7,87.5%,48,6.9,0,12,6.0,0.4,3.0,0
2018,Derek Carrier,OAK,28,te,16,2,12,7,58.3%,67,9.6,1,23,5.6,0.4,4.2,0
2018,Ronald Jones,TAM,21,,9,0,9,7,77.8%,33,4.7,0,15,3.7,0.8,3.7,0
2018,T.J. Logan,ARI,24,,10,0,7,7,100.0%,37,5.3,0,17,5.3,0.7,3.7,0
2018,Sony Michel,NWE,23,RB,13,8,11,7,63.6%,50,7.1,0,13,4.5,0.5,3.8,1
2018,JJ Nelson,ARI,26,wr,14,2,19,7,36.8%,64,9.1,0,17,3.4,0.5,4.6,0
2018,Zach Zenner,DET,27,rb,8,1,10,7,70.0%,56,8.0,0,30,5.6,0.9,7.0,0
2018,Kamar Aiken,PHI,29,wr,5,1,7,6,85.7%,53,8.8,0,18,7.6,1.2,10.6,0
2018,Tommy Bohanon,JAX,28,fb,16,6,9,6,66.7%,41,6.8,0,12,4.6,0.4,2.6,0
2018,Brice Butler,2TM,28,,8,1,10,6,60.0%,60,10.0,1,23,6.0,0.8,7.5,0
2018,Kenneth Dixon,BAL,24,,6,0,7,6,85.7%,51,8.5,0,21,7.3,1.0,8.5,2
2018,Russell Gage,ATL,22,,15,0,10,6,60.0%,63,10.5,0,22,6.3,0.4,4.2,0
2018,Rashad Greene,JAX,26,wr,8,1,8,6,75.0%,60,10.0,0,12,7.5,0.8,7.5,2
2018,Xavier Grimble,PIT,26,te,16,2,8,6,75.0%,86,14.3,0,23,10.8,0.4,5.4,1
2018,David Grinnage,JAX,24,te,4,2,8,6,75.0%,61,10.2,0,24,7.6,1.5,15.3,0
2018,Dwayne Harris,OAK,31,wr,15,1,6,6,100.0%,40,6.7,0,13,6.7,0.4,2.7,2
2018,Marcus Johnson,IND,24,,5,0,8,6,75.0%,102,17.0,1,34,12.8,1.2,20.4,0
2018,Raheem Mostert,SFO,26,,9,0,7,6,85.7%,25,4.2,0,23,3.6,0.7,2.8,1
2018,Durham Smythe,MIA,23,te,15,2,11,6,54.5%,50,8.3,0,21,4.5,0.4,3.3,0
2018,Neal Sterling,NYJ,26,te,5,4,8,6,75.0%,47,7.8,0,12,5.9,1.2,9.4,0
2018,Darren Waller,OAK,26,,4,0,6,6,100.0%,75,12.5,0,44,12.5,1.5,18.8,0
2018,Jay Ajayi,PHI,25,rb,4,3,6,5,83.3%,20,4.0,0,12,3.3,1.3,5.0,1
2018,C.J. Anderson,2TM,27,,11,3,9,5,55.6%,41,8.2,1,24,4.6,0.5,3.7,0
2018,Malcolm Brown,LAR,25,,12,0,7,5,71.4%,52,10.4,1,18,7.4,0.4,4.3,0
2018,Noah Brown,DAL,22,wr,8,2,8,5,62.5%,54,10.8,0,22,6.8,0.6,6.8,0
2018,Garrett Celek,SFO,30,te,15,1,8,5,62.5%,90,18.0,2,41,11.3,0.3,6.0,0
2018,Corey Coleman,NYG,24,wr,8,1,8,5,62.5%,71,14.2,0,30,8.9,0.6,8.9,0
2018,Tyler Conklin,MIN,23,te,16,3,7,5,71.4%,77,15.4,0,33,11.0,0.3,4.8,0
2018,Seth Devalve,CLE,25,te,13,4,7,5,71.4%,74,14.8,1,26,10.6,0.4,5.7,0
2018,Devonta Freeman,ATL,26,rb,2,2,7,5,71.4%,23,4.6,0,14,3.3,2.5,11.5,0
2018,Zach Line,NOR,28,fb,16,6,10,5,50.0%,14,2.8,2,5,1.4,0.3,0.9,0
2018,Rishard Matthews,2TM,29,,8,0,9,5,55.6%,24,4.8,0,7,2.7,0.6,3.0,0
2018,Ray-Ray McCloud,BUF,22,fb,10,1,6,5,83.3%,36,7.2,0,16,6.0,0.5,3.6,2
2018,David Morgan,MIN,25,te,11,6,6,5,83.3%,36,7.2,0,13,6.0,0.5,3.3,0
2018,Brian Parker,DEN,26,te,13,1,10,5,50.0%,33,6.6,0,11,3.3,0.4,2.5,0
2018,Joshua Perkins,PHI,25,te,9,1,11,5,45.5%,67,13.4,0,30,6.1,0.6,7.4,0
2018,Eric Saubert,ATL,24,te,16,1,9,5,55.6%,48,9.6,0,17,5.3,0.3,3.0,0
2018,Adam Shaheen,CHI,24,te,6,4,6,5,83.3%,48,9.6,1,23,8.0,0.8,8.0,0
2018,Keith Smith,OAK,26,fb,16,3,6,5,83.3%,23,4.6,0,8,3.8,0.3,1.4,0
2018,Vyncint Smith,HOU,22,wr,7,1,10,5,50.0%,91,18.2,1,35,9.1,0.7,13.0,0
2018,Jeremy Sprinkle,WAS,24,te/wr,16,9,9,5,55.6%,41,8.2,1,15,4.6,0.3,2.6,0
2018,Mark Walton,CIN,21,,14,0,8,5,62.5%,41,8.2,0,24,5.1,0.4,2.9,0
2018,Chad Beebe,MIN,24,,3,0,4,4,100.0%,39,9.8,0,18,9.8,1.3,13.0,0
2018,Nick Bellore,DET,29,fb,14,4,4,4,100.0%,15,3.8,0,8,3.8,0.3,1.1,0
2018,Jawill Davis,NYG,23,,7,0,8,4,50.0%,40,10.0,0,22,5.0,0.6,5.7,0
2018,Jacob Hollister,NWE,25,wr,8,1,5,4,80.0%,52,13.0,0,23,10.4,0.5,6.5,0
2018,Tyler Kroft,CIN,26,te,5,2,6,4,66.7%,36,9.0,0,16,6.0,0.8,7.2,0
2018,Byron Marshall,WAS,24,,6,0,6,4,66.7%,30,7.5,0,17,5.0,0.7,5.0,0
2018,Roosevelt Nix,PIT,26,,16,0,6,4,66.7%,38,9.5,0,19,6.3,0.3,2.4,0
2018,Auden Tate,CIN,21,,7,0,12,4,33.3%,35,8.8,0,15,2.9,0.6,5.0,0
2018,Robert Tonyan,GNB,24,te,16,1,6,4,66.7%,77,19.3,1,54,12.8,0.3,4.8,0
2018,Delanie Walker,TEN,34,te,1,1,7,4,57.1%,52,13.0,0,16,7.4,4.0,52.0,0
2018,Kevin White,CHI,26,,9,0,8,4,50.0%,92,23.0,0,54,11.5,0.4,10.2,0
2018,Jesus Wilson,TAM,23,,5,0,5,4,80.0%,52,13.0,0,25,10.4,0.8,10.4,0
2018,Javon Wims,CHI,24,,4,0,5,4,80.0%,32,8.0,0,16,6.4,1.0,8.0,0
2018,Ameer Abdullah,2TM,25,,10,0,4,3,75.0%,28,9.3,0,12,7.0,0.3,2.8,1
2018,Dwayne Allen,NWE,28,te/wr,13,8,4,3,75.0%,27,9.0,0,21,6.8,0.2,2.1,0
2018,Cameron Artis-Payne,CAR,28,,9,0,4,3,75.0%,15,5.0,0,13,3.8,0.3,1.7,0
2018,Brandon Bolden,MIA,28,,16,0,3,3,100.0%,13,4.3,1,9,4.3,0.2,0.8,1
2018,Ben Braunecker,CHI,24,te,15,2,5,3,60.0%,42,14.0,0,20,8.4,0.2,2.8,0
2018,Orson Charles,CLE,27,te,13,2,5,3,60.0%,23,7.7,0,9,4.6,0.2,1.8,0
2018,A.J. Derby,MIA,27,,4,0,5,3,60.0%,48,16.0,1,19,9.6,0.8,12.0,0
2018,Patrick DiMarco,BUF,29,fb,16,5,4,3,75.0%,62,20.7,0,38,15.5,0.2,3.9,0
2018,Tyler Ervin,HOU,25,,9,0,3,3,100.0%,35,11.7,0,19,11.7,0.3,3.9,1
2018,Keith Ford,BUF,24,rb,2,1,5,3,60.0%,21,7.0,0,8,4.2,1.5,10.5,0
2018,Rico Gathers,DAL,24,te,15,4,7,3,42.9%,45,15.0,0,32,6.4,0.2,3.0,0
2018,Taysom Hill,NOR,28,te/wr,16,4,7,3,42.9%,4,1.3,0,5,0.6,0.2,0.3,1
2018,Justin Hunter,PIT,27,,5,0,13,3,23.1%,21,7.0,0,12,1.6,0.6,4.2,0
2018,Matt Lengel,CIN,28,te,11,2,8,3,37.5%,17,5.7,1,9,2.1,0.3,1.5,0
2018,Marcedes Lewis,GNB,34,te,16,4,4,3,75.0%,39,13.0,0,30,9.8,0.2,2.4,0
2018,Tommylee Lewis,NOR,26,wr,7,3,3,3,100.0%,60,20.0,1,28,20.0,0.4,8.6,1
2018,Ricky Ortiz,ATL,24,FB,12,9,4,3,75.0%,11,3.7,0,7,2.8,0.3,0.9,0
2018,Samaje Perine,WAS,23,,5,0,4,3,75.0%,5,1.7,0,8,1.3,0.6,1.0,0
2018,John Phillips,ARI,31,te,8,4,3,3,100.0%,38,12.7,0,24,12.7,0.4,4.8,0
2018,C.J. Prosise,SEA,24,,5,0,3,3,100.0%,22,7.3,0,8,7.3,0.6,4.4,0
2018,Brian Quick,WAS,29,wr,6,3,3,3,100.0%,18,6.0,0,6,6.0,0.5,3.0,0
2018,Stevan Ridley,PIT,29,,10,0,4,3,75.0%,18,6.0,0,10,4.5,0.3,1.8,2
2018,De'Anthony Thomas,KAN,25,,5,0,5,3,60.0%,29,9.7,1,15,5.8,0.6,5.8,1
2018,Jalen Tolliver,ARI,23,wr,3,1,6,3,50.0%,37,12.3,0,15,6.2,1.0,12.3,0
2018,Darrel Williams,KAN,23,,6,0,3,3,100.0%,27,9.0,1,11,9.0,0.5,4.5,0
2018,Derrick Willies,CLE,24,,5,0,5,3,60.0%,61,20.3,0,39,12.2,0.6,12.2,1
2018,Shaun Wilson,TAM,23,,5,0,5,3,60.0%,5,1.7,0,5,1.0,0.6,1.0,0
2018,Mike Boone,MIN,23,,8,0,3,2,66.7%,1,0.5,0,1,0.3,0.3,0.1,0
2018,Leonte Carroo,MIA,24,,9,0,4,2,50.0%,94,47.0,1,74,23.5,0.2,10.4,0
2018,Jamaal Charles,JAX,32,,2,0,3,2,66.7%,7,3.5,0,5,2.3,1.0,3.5,0
2018,Derrick Coleman,ARI,28,fb,16,4,3,2,66.7%,17,8.5,0,12,5.7,0.1,1.1,0
2018,Alan Cross,TAM,25,te,14,3,5,2,40.0%,9,4.5,0,6,1.8,0.1,0.6,0
2018,Ross Dwelley,SFO,23,,11,0,2,2,100.0%,14,7.0,0,8,7.0,0.2,1.3,0
2018,Gus Edwards,BAL,23,rb,11,6,2,2,100.0%,20,10.0,0,13,10.0,0.2,1.8,0
2018,D'Onta Foreman,HOU,22,,1,0,2,2,100.0%,28,14.0,1,20,14.0,2.0,28.0,1
2018,Jordan Franks,CIN,22,,6,0,3,2,66.7%,37,18.5,0,32,12.3,0.3,6.2,0
2018,KhaDarel Hodge,LAR,23,,14,0,3,2,66.7%,17,8.5,0,14,5.7,0.1,1.2,0
2018,John Kelly,LAR,22,,4,0,3,2,66.7%,27,13.5,0,18,9.0,0.5,6.8,0
2018,Jeremy Kerley,BUF,30,wr,1,1,4,2,50.0%,7,3.5,0,4,1.8,2.0,7.0,0
2018,Tre Madden,SEA,25,fb,14,3,3,2,66.7%,35,17.5,0,28,11.7,0.1,2.5,0
2018,Chris Manhertz,CAR,26,te,16,4,5,2,40.0%,52,26.0,1,50,10.4,0.1,3.3,0
2018,J'Mon Moore,GNB,23,,12,0,3,2,66.7%,15,7.5,0,10,5.0,0.2,1.3,1
2018,Detrez Newsome,LAC,24,,9,0,2,2,100.0%,19,9.5,0,11,9.5,0.2,2.1,0
2018,Jamize Olawale,DAL,29,fb/rb/wr,16,4,4,2,50.0%,13,6.5,0,10,3.3,0.1,0.8,0
2018,Charone Peake,NYJ,26,,13,0,3,2,66.7%,25,12.5,0,14,8.3,0.2,1.9,0
2018,Dion Sims,CHI,27,te,8,4,4,2,50.0%,9,4.5,0,9,2.3,0.3,1.1,0
2018,Roc Thomas,MIN,23,,5,0,4,2,50.0%,21,10.5,0,15,5.3,0.4,4.2,0
2018,De'Lance Turner,BAL,23,,4,0,2,2,100.0%,17,8.5,0,10,8.5,0.5,4.3,0
2018,Malik Turner,SEA,22,,6,0,3,2,66.7%,20,10.0,0,19,6.7,0.3,3.3,0
2018,Hakeem Valles,DET,26,,3,0,3,2,66.7%,11,5.5,0,6,3.7,0.7,3.7,0
2018,Joe Webb,HOU,32,,16,0,3,2,66.7%,13,6.5,0,7,4.3,0.1,0.8,0
2018,Charcandrick West,KAN,27,,3,0,3,2,66.7%,37,18.5,1,25,12.3,0.7,12.3,0
2018,Nick Williams,2TM,28,,4,0,5,2,40.0%,17,8.5,0,11,3.4,0.5,4.3,0
2018,Terrance Williams,DAL,29,wr,3,2,3,2,66.7%,18,9.0,0,12,6.0,0.7,6.0,0
2018,Alex Armah,CAR,24,fb/wr,16,2,1,1,100.0%,5,5.0,0,5,5.0,0.1,0.3,0
2018,Kenjon Barner,2TM,28,,9,0,1,1,100.0%,3,3.0,0,3,3.0,0.1,0.3,1
2018,Victor Bolden,2TM,23,,6,0,4,1,25.0%,10,10.0,0,10,2.5,0.2,1.7,0
2018,Tom Brady,NWE,41,QB,16,16,1,1,100.0%,6,6.0,0,6,6.0,0.1,0.4,4
2018,Drew Brees,NOR,39,QB,15,15,1,1,100.0%,1,1.0,0,1,1.0,0.1,0.1,5
2018,Michael Burton,CHI,26,fb,8,1,1,1,100.0%,6,6.0,0,6,6.0,0.1,0.8,0
2018,Damiere Byrd,CAR,25,,8,0,2,1,50.0%,8,8.0,0,8,4.0,0.1,1.0,0
2018,Travaris Cadet,CAR,29,,1,0,1,1,100.0%,5,5.0,0,5,5.0,1.0,5.0,0
2018,Derek Carr,OAK,27,QB,16,16,1,1,100.0%,-9,-9.0,0,-9,-9.0,0.1,-0.6,12
2018,Jehu Chesson,WAS,25,,12,0,2,1,50.0%,7,7.0,0,7,3.5,0.1,0.6,0
2018,Sammie Coates,HOU,25,,12,0,2,1,50.0%,12,12.0,0,12,6.0,0.1,1.0,0
2018,Kirk Cousins,MIN,30,QB,16,16,1,1,100.0%,-1,-1.0,0,-1,-1.0,0.1,-0.1,9
2018,River Cracraft,DEN,24,,8,0,2,1,50.0%,44,44.0,0,44,22.0,0.1,5.5,1
2018,Dane Cruikshank,TEN,23,,12,0,1,1,100.0%,66,66.0,1,66,66.0,0.1,5.5,0
2018,Sean Culkin,LAC,25,TE,13,10,1,1,100.0%,24,24.0,0,24,24.0,0.1,1.8,0
2018,Benny Cunningham,CHI,28,,15,0,2,1,50.0%,9,9.0,0,9,4.5,0.1,0.6,0
2018,Chase Daniel,CHI,32,qb,5,2,1,1,100.0%,8,8.0,0,8,8.0,0.2,1.6,4
2018,Dion Dawkins,BUF,24,T,16,16,1,1,100.0%,7,7.0,1,7,7.0,0.1,0.4,0
2018,Taylor Decker,DET,25,T,16,16,1,1,100.0%,11,11.0,1,11,11.0,0.1,0.7,0
2018,Gehrig Dieter,KAN,25,,4,0,3,1,33.3%,22,22.0,0,22,7.3,0.3,5.5,0
2018,George Fant,SEA,26,t/te,16,7,1,1,100.0%,9,9.0,0,9,9.0,0.1,0.6,0
2018,Matt Flanagan,WAS,23,wr,3,1,1,1,100.0%,14,14.0,0,14,14.0,0.3,4.7,0
2018,Nick Foles,PHI,29,qb,5,5,1,1,100.0%,10,10.0,0,15,10.0,0.2,2.0,4
2018,Shelton Gibson,PHI,23,,15,0,3,1,33.3%,48,48.0,0,48,16.0,0.1,3.2,0
2018,Mike Gillislee,NOR,28,,4,0,1,1,100.0%,9,9.0,0,9,9.0,0.3,2.3,1
2018,Justin Hardee,NOR,24,,16,0,1,1,100.0%,10,10.0,0,10,10.0,0.1,0.6,0
2018,Keon Hatcher,OAK,24,,3,0,2,1,50.0%,8,8.0,0,8,4.0,0.3,2.7,0
2018,Ryan Hewitt,IND,27,te/wr,12,2,2,1,50.0%,1,1.0,1,1,0.5,0.1,0.1,0
2018,Darrius Heyward-Bey,PIT,31,wr,14,2,2,1,50.0%,9,9.0,0,9,4.5,0.1,0.6,0
2018,Brian Hill,ATL,23,,10,0,2,1,50.0%,9,9.0,0,9,4.5,0.1,0.9,1
2018,Jeremy Hill,NWE,26,,1,0,1,1,100.0%,6,6.0,0,6,6.0,1.0,6.0,0
2018,JJ Jones,2TM,26,,4,0,1,1,100.0%,3,3.0,0,3,3.0,0.3,0.8,2
2018,Ryan Kelly,IND,25,C,12,12,1,1,100.0%,-4,-4.0,0,-4,-4.0,0.1,-0.3,1
2018,Marcus Kemp,KAN,23,,16,0,2,1,50.0%,7,7.0,0,7,3.5,0.1,0.4,0
2018,Darvin Kidsy,WAS,23,,2,0,2,1,50.0%,8,8.0,0,8,4.0,0.5,4.0,0
2018,Allen Lazard,GNB,23,,1,0,1,1,100.0%,7,7.0,0,7,7.0,1.0,7.0,0
2018,Khari Lee,BUF,26,,2,0,1,1,100.0%,5,5.0,0,5,5.0,0.5,2.5,0
2018,Andrew Luck,IND,29,QB,16,16,2,1,50.0%,4,4.0,0,4,2.0,0.1,0.3,6
2018,Josh Malone,CIN,22,,9,0,5,1,20.0%,12,12.0,0,12,2.4,0.1,1.3,0
2018,Marcus Mariota,TEN,25,QB,14,13,1,1,100.0%,21,21.0,0,21,21.0,0.1,1.5,9
2018,Johnny Mundt,LAR,24,,10,0,1,1,100.0%,5,5.0,0,5,5.0,0.1,0.5,0
2018,Cam Phillips,BUF,23,,2,0,1,1,100.0%,9,9.0,0,9,9.0,0.5,4.5,0
2018,Spencer Pulley,NYG,25,C,13,9,1,1,100.0%,-2,-2.0,0,-2,-2.0,0.1,-0.2,0
2018,Richard Rodgers,PHI,26,,7,0,1,1,100.0%,7,7.0,0,7,7.0,0.1,1.0,0
2018,Ben Roethlisberger,PIT,36,QB,16,16,1,1,100.0%,-1,-1.0,0,-1,-1.0,0.1,-0.1,7
2018,Matt Ryan,ATL,33,QB,16,16,1,1,100.0%,5,5.0,1,5,5.0,0.1,0.3,10
2018,Matt Schaub,ATL,37,,3,0,1,1,100.0%,-7,-7.0,0,-7,-7.0,0.3,-2.3,1
2018,Sam Shields,LAR,31,cb/rcb,16,2,1,1,100.0%,12,12.0,0,12,12.0,0.1,0.8,0
2018,Bradley Sowell,CHI,29,fb,16,1,2,1,50.0%,2,2.0,1,2,1.0,0.1,0.1,0
2018,Joe Staley,SFO,34,T,16,16,1,1,100.0%,-5,-5.0,0,-5,-5.0,0.1,-0.3,0
2018,Tyrone Swoopes,SEA,24,te,1,1,1,1,100.0%,23,23.0,0,23,23.0,1.0,23.0,0
2018,Ryan Tannehill,MIA,30,QB,11,11,1,1,100.0%,3,3.0,1,3,3.0,0.1,0.3,5
2018,Robert Turbin,IND,29,,2,0,2,1,50.0%,3,3.0,0,3,1.5,0.5,1.5,1
2018,Alejandro Villanueva,PIT,30,T,16,16,1,1,100.0%,2,2.0,1,2,2.0,0.1,0.1,0
2018,Dan Vitale,GNB,25,,5,0,2,1,50.0%,2,2.0,0,2,1.0,0.2,0.4,0
2018,DeAndre Washington,OAK,25,,10,0,1,1,100.0%,9,9.0,0,9,9.0,0.1,0.9,1
2018,Justin Watson,TAM,23,,12,0,3,1,33.3%,5,5.0,0,5,1.7,0.1,0.4,0
2018,Derek Watt,LAC,26,fb,16,5,1,1,100.0%,2,2.0,0,2,2.0,0.1,0.1,0
2018,Carson Wentz,PHI,26,QB,11,11,1,1,100.0%,4,4.0,0,4,4.0,0.1,0.4,9
2018,Tim White,BAL,24,,3,0,1,1,100.0%,14,14.0,0,14,14.0,0.3,4.7,1
2018,Jonathan Williams,NOR,24,,3,0,1,1,100.0%,1,1.0,0,1,1.0,0.3,0.3,0
2018,Kyle Williams,BUF,35,dt/LDT/rdt,16,16,1,1,100.0%,9,9.0,0,9,9.0,0.1,0.6,0
2018,Russell Wilson,SEA,30,QB,16,16,1,1,100.0%,-11,-11.0,0,-11,-11.0,0.1,-0.7,10
2018,Brandon Zylstra,MIN,25,,16,0,2,1,50.0%,23,23.0,0,23,11.5,0.1,1.4,0
