year,player,team,age,pos,g,gs,punt_ret,punt_ret_yds,punt_ret_td,punt_ret_long,punt_ret_yds_per_ret,kick_ret,kick_ret_yds,kick_ret_td,kick_ret_long,kick_ret_yds_per_ret,all_purpose_yds
2017,Tyler Lockett,SEA,25,WR,16,8,36,237,0,27,6.6,37,949,1,99,25.6,1799
2017,Alex Erickson,CIN,25,,16,0,39,278,0,29,7.1,32,663,0,41,20.7,1137
2017,Pharoh Cooper+,LAR,22,wr,16,1,32,399,0,53,12.5,34,932,1,103,27.4,1421
2017,Andre Roberts,ATL,29,,16,0,27,201,0,27,7.4,38,860,0,61,22.6,1073
2017,Adoree' Jackson,TEN,22,CB,16,16,34,290,0,46,8.5,25,578,0,57,23.1,923
2017,Tarik Cohen,CHI,22,rb/wr,16,4,29,272,1,61,9.4,26,583,0,46,22.4,1578
2017,Trevor Davis,GNB,24,,16,0,24,289,0,65,12.0,31,707,0,34,22.8,1079
2017,Ryan Switzer,DAL,23,,16,0,29,256,1,83,8.8,24,600,0,61,25.0,902
2017,Marcus Sherels,MIN,30,,16,0,39,372,0,46,9.5,11,271,0,32,24.6,643
2017,Brandon Tate,BUF,30,wr,13,1,20,193,0,40,9.7,28,548,0,29,19.6,822
2017,Jakeem Grant,MIA,25,,16,0,25,190,0,27,7.6,21,479,0,31,22.8,871
2017,Jabrill Peppers,CLE,22,S,13,13,30,180,0,25,6.0,14,318,0,35,22.7,498
2017,Jamal Agnew+,DET,22,,13,0,29,447,2,88,15.4,11,196,0,25,17.8,670
2017,Kenjon Barner,PHI,27,rb,13,1,27,240,0,76,8.9,10,194,0,27,19.4,547
2017,Kerwynn Williams,ARI,26,rb,16,6,21,137,0,20,6.5,16,326,0,28,20.4,982
2017,Quan Bray,IND,24,,9,0,17,90,0,20,5.3,18,430,0,60,23.9,559
2017,Jalen Richard,OAK,24,rb,16,1,26,155,0,19,6.0,8,90,0,17,11.3,776
2017,Michael Campanaro,BAL,26,,13,0,27,291,1,77,10.8,6,159,0,40,26.5,665
2017,Jojo Natson,NYJ,23,,7,0,16,38,0,17,2.4,16,325,0,32,20.3,396
2017,Kalif Raymond,2TM,23,,8,0,18,99,0,25,5.5,14,271,0,40,19.4,381
2017,Trent Taylor,SFO,23,wr,15,1,30,281,0,39,9.4,1,8,0,8,8.0,719
2017,Jaydon Mickens,JAX,23,,10,0,27,287,1,72,10.6,2,20,0,20,10.0,384
2017,Danny Amendola,NWE,32,WR,15,8,27,231,0,40,8.6,1,16,0,16,16.0,906
2017,Travis Benjamin,LAC,28,wr,16,3,27,257,1,65,9.5,,,,,,920
2017,Jamison Crowder,WAS,24,wr,15,6,27,171,0,29,6.3,,,,,,994
2017,Tommylee Lewis,NOR,25,,15,0,14,115,0,24,8.2,13,307,0,39,23.6,552
2017,Tyreek Hill,KAN,23,WR,15,13,25,204,1,82,8.2,,,,,,1446
2017,Akeem Hunt,KAN,24,,15,0,,,,,,25,611,0,42,24.4,665
2017,Christian McCaffrey,CAR,21,RB,16,10,22,162,0,25,7.4,3,58,0,21,19.3,1306
2017,Bernard Reedy,2TM,26,,11,0,18,175,0,44,9.7,7,145,0,50,20.7,358
2017,Ted Ginn,NOR,32,WR,15,10,19,103,0,17,5.4,5,56,0,17,11.2,985
2017,Isaiah McKenzie,DEN,22,,11,0,21,183,0,44,8.7,3,50,0,21,16.7,266
2017,Victor Bolden,SFO,22,,9,0,4,23,0,16,5.8,19,396,0,34,20.8,419
2017,Dion Lewis,NWE,27,RB,16,8,,,,,,23,570,1,103,24.8,1680
2017,Chris Thompson,HOU,23,,13,0,6,39,0,15,6.5,17,369,0,42,21.7,492
2017,Kaelin Clay,2TM,25,,13,2,19,149,1,60,7.8,3,52,0,19,17.3,313
2017,De'Anthony Thomas,KAN,24,wr,16,2,8,16,0,8,2.0,13,305,0,39,23.5,468
2017,Corey Grant,JAX,26,,16,0,0,6,0,6,,19,473,0,68,24.9,768
2017,Cordarrelle Patterson,OAK,26,wr,16,2,,,,,,19,538,0,49,28.3,968
2017,Eli Rogers,PIT,25,wr,14,4,19,146,0,27,7.7,,,,,,295
2017,Matthew Dayes,CLE,23,,16,0,,,,,,18,437,0,71,24.3,479
2017,Desmond King,LAC,23,cb/db,16,4,1,2,0,2,2.0,17,353,0,44,20.8,445
2017,Dwayne Harris,NYG,30,ldt,5,1,7,48,0,17,6.9,9,188,0,30,20.9,236
2017,Jeremy Kerley,NYJ,29,wr,8,2,16,85,0,15,5.3,,,,,,302
2017,Devontae Booker,DEN,25,,13,0,,,,,,14,276,0,28,19.7,850
2017,Tavon Austin,LAR,27,WR,16,9,12,53,0,12,4.4,1,13,0,13,13.0,383
2017,Tyler Ervin,HOU,24,,4,0,8,60,0,21,7.5,5,93,0,24,18.6,203
2017,Chris Moore,BAL,24,wr,13,4,,,,,,13,346,0,87,26.6,585
2017,Patrick Peterson,ARI,27,LCB,16,16,13,88,0,19,6.8,,,,,,157
2017,Bobby Rainey,BAL,30,,4,0,2,22,0,13,11.0,11,338,1,96,30.7,380
2017,Jarvis Landry,MIA,25,WR,16,16,12,81,0,16,6.8,0,-5,0,-5,,1056
2017,Jerick McKinnon,MIN,25,rb,16,1,,,,,,12,312,0,39,26.0,1303
2017,Antonio Brown+,PIT,29,WR,14,14,11,61,0,16,5.5,,,,,,1594
2017,Brittan Golden,ARI,29,,13,0,7,63,0,15,9.0,4,81,0,26,20.3,214
2017,T.J. Jones,DET,25,wr,14,6,6,47,0,17,7.8,5,105,0,35,21.0,551
2017,Alvin Kamara,NOR,22,fb/rb,16,3,,,,,,11,347,1,106,31.5,1901
2017,Jacquizz Rodgers,TAM,27,rb,16,4,,,,,,11,255,0,45,23.2,573
2017,Chester Rogers,IND,23,wr,11,4,10,80,0,30,8.0,1,5,0,5,5.0,377
2017,Jordan Taylor,DEN,25,wr,10,2,11,103,0,24,9.4,,,,,,245
2017,Deonte Thompson,2TM,28,,16,10,,,,,,11,229,0,29,20.8,779
2017,Bashaud Breeland,WAS,25,CB,15,15,,,,,,10,208,0,35,20.8,304
2017,Senorise Perry,MIA,26,,16,0,,,,,,10,202,0,37,20.2,237
2017,Curtis Samuel,CAR,21,rb/wr,9,4,,,,,,10,221,0,33,22.1,400
2017,Martavis Bryant,PIT,26,WR,15,8,,,,,,9,151,0,38,16.8,776
2017,Will Fuller,HOU,23,WR,10,10,9,135,0,49,15.0,,,,,,567
2017,Hunter Sharp,2TM,23,,3,1,8,74,0,16,9.3,1,19,0,19,19.0,147
2017,JuJu Smith-Schuster,PIT,21,wr,14,7,,,,,,9,240,1,96,26.7,1157
2017,ArDarius Stewart,NYJ,24,wr,15,2,,,,,,9,173,0,32,19.2,282
2017,Shane Vereen,NYG,28,,16,0,,,,,,9,196,0,30,21.8,613
2017,Ameer Abdullah,DET,24,RB,14,11,,,,,,8,179,0,29,22.4,893
2017,Damiere Byrd,CAR,24,wr,8,3,1,9,0,9,9.0,7,229,1,103,32.7,355
2017,D.J. Foster,ARI,24,,7,0,,,,,,8,184,0,55,23.0,336
2017,Cody Latimer,DEN,25,wr,11,1,,,,,,8,190,0,36,23.8,477
2017,Chris Thompson,WAS,27,rb,10,1,,,,,,8,165,0,29,20.6,967
2017,Benny Cunningham,CHI,27,,14,0,,,,,,7,147,0,28,21.0,416
2017,Kenyan Drake,MIA,23,rb,16,6,,,,,,7,147,0,34,21.0,1030
2017,Brendan Langley,DEN,23,,11,0,1,6,0,6,6.0,6,183,0,61,30.5,189
2017,Terrell Watson,PIT,24,,10,0,,,,,,7,140,0,25,20.0,148
2017,Adam Humphries,TAM,24,wr,16,3,6,49,0,19,8.2,,,,,,686
2017,Adam Jones,CIN,34,RCB,9,9,6,131,0,40,21.8,,,,,,131
2017,Fitzgerald Toussaint,PIT,27,,6,0,,,,,,6,94,0,23,15.7,128
2017,Fozzy Whittaker,CAR,28,,12,0,,,,,,6,110,0,31,18.3,175
2017,Matt Breida,SFO,22,,16,0,,,,,,5,83,0,28,16.6,728
2017,Austin Ekeler,LAC,22,,16,0,,,,,,5,85,0,22,17.0,624
2017,Bruce Ellington,HOU,26,wr,11,6,5,47,0,21,9.4,,,,,,398
2017,Josh Ferguson,IND,24,,10,0,,,,,,5,86,0,20,17.2,107
2017,Marqise Lee,JAX,26,WR,14,14,5,13,0,7,2.6,,,,,,732
2017,Elijah McGuire,NYJ,23,rb,16,2,1,10,0,10,10.0,4,83,0,24,20.8,585
2017,Raheem Mostert,SFO,25,,11,0,,,,,,5,83,0,21,16.6,113
2017,Bryce Treggs,CLE,23,wr,6,1,5,24,0,11,4.8,,,,,,109
2017,DeAndre Washington,OAK,24,,15,0,,,,,,5,86,0,26,17.2,436
2017,Ed Eagan,NYG,24,,4,0,4,20,0,20,5.0,,,,,,20
2017,Byron Marshall,WAS,23,,4,0,,,,,,4,89,0,29,22.3,157
2017,Wendell Smallwood,PHI,23,rb,8,3,,,,,,4,93,0,28,23.3,370
2017,Golden Tate,DET,29,WR,16,12,2,23,0,13,11.5,2,0,0,1,0.0,1048
2017,Jordan Todman,HOU,27,,14,0,,,,,,4,84,0,25,21.0,84
2017,Eric Weems,TEN,32,,16,0,2,15,0,13,7.5,2,18,0,18,9.0,38
2017,DeAndrew White,HOU,26,wr,2,1,4,3,0,3,0.8,,,,,,27
2017,Derek Carrier,LAR,27,te/wr,14,3,,,,,,3,41,0,14,13.7,112
2017,Jehu Chesson,KAN,24,wr,12,1,,,,,,3,65,0,26,21.7,83
2017,Trey Edmunds,NOR,23,,16,0,,,,,,3,65,0,27,21.7,113
2017,Maurice Harris,WAS,25,,6,0,,,,,,3,71,0,34,23.7,133
2017,Jeff Janis,GNB,26,,16,0,,,,,,3,43,0,17,14.3,55
2017,Duke Johnson,CLE,24,,16,0,3,17,0,12,5.7,,,,,,1058
2017,Marlon Mack,IND,21,,14,0,,,,,,3,69,0,34,23.0,652
2017,Braxton Miller,HOU,25,wr,11,3,3,12,0,8,4.0,,,,,,175
2017,Niles Paul,WAS,28,te/wr,14,8,,,,,,3,47,0,24,15.7,145
2017,Russell Shepard,CAR,27,wr,15,3,,,,,,3,65,0,33,21.7,286
2017,Luke Willson,SEA,27,te,16,7,,,,,,3,42,0,17,14.0,195
2017,Zach Zenner,DET,26,,8,0,,,,,,3,62,0,23,20.7,88
2017,Cole Beasley,DAL,28,wr,15,4,2,19,0,15,9.5,,,,,,333
2017,Kapri Bibbs,WAS,24,,3,0,,,,,,2,17,0,17,8.5,224
2017,Brent Celek,PHI,32,TE,16,10,,,,,,2,18,0,10,9.0,148
2017,Patrick Chung,NWE,30,S,16,11,1,0,0,0,0.0,1,4,0,4,4.0,34
2017,Corey Clement,PHI,23,,16,0,,,,,,2,49,0,35,24.5,493
2017,Keelan Cole,JAX,24,wr,16,6,,,,,,2,26,0,14,13.0,774
2017,Alex Collins,BAL,23,RB,15,12,,,,,,2,50,0,27,25.0,1210
2017,Michael Davis,LAC,22,,15,0,,,,,,2,36,0,19,18.0,36
2017,Garrett Griffin,NOR,23,,3,0,,,,,,2,23,0,12,11.5,27
2017,DeAngelo Hall,WAS,34,cb/ss,5,2,2,7,0,7,3.5,,,,,,7
2017,De'Angelo Henderson,DEN,25,,5,0,,,,,,2,59,0,32,29.5,108
2017,Micah Hyde,BUF,27,SS,16,16,2,18,0,12,9.0,,,,,,82
2017,Eddie Jackson,CHI,25,S,16,16,2,6,0,7,3.0,,,,,,163
2017,Taiwan Jones,BUF,29,,8,0,,,,,,2,50,0,27,25.0,61
2017,Vince Mayle,BAL,26,,16,0,,,,,,2,43,0,29,21.5,45
2017,Devin McCourty,NWE,30,S/ss,16,16,,,,,,2,15,0,12,7.5,15
2017,Nate Orchard,CLE,24,de,16,1,,,,,,2,17,0,9,8.5,17
2017,Samaje Perine,WAS,22,RB,16,8,,,,,,2,48,0,28,24.0,833
2017,Emmanuel Sanders,DEN,30,WR,12,11,2,-2,0,3,-1.0,,,,,,553
2017,Charles Sims,TAM,27,,16,0,,,,,,2,32,0,19,16.0,376
2017,Willie Snead,NOR,25,wr,11,7,1,0,0,0,0.0,1,18,0,18,18.0,110
2017,Dwayne Washington,DET,23,,5,0,,,,,,2,31,0,18,15.5,89
2017,Lardarius Webb,BAL,32,db,16,3,2,7,0,7,3.5,,,,,,17
2017,Charcandrick West,KAN,26,,13,0,,,,,,2,37,0,19,18.5,259
2017,Sam Acho,CHI,29,LB,16,12,,,,,,1,3,0,3,3.0,3
2017,Geronimo Allison,GNB,23,wr,15,2,1,0,0,0,0.0,,,,,,253
2017,Tarell Basham,IND,23,,15,0,,,,,,1,0,0,0,0.0,0
2017,David Bass,2TM,27,,15,2,,,,,,1,10,0,10,10.0,10
2017,Odell Beckham,NYG,25,wr,4,2,,,,,,1,20,0,20,20.0,330
2017,Giovani Bernard,CIN,26,rb,16,2,,,,,,1,7,0,7,7.0,854
2017,Ronald Blair,SFO,24,de,6,2,,,,,,1,0,0,0,0.0,0
2017,Tommy Bohanon,JAX,27,FB,16,10,,,,,,1,14,0,14,14.0,62
2017,Donatello Brown,GNB,26,,4,0,1,0,0,0,0.0,,,,,,0
2017,Mack Brown,2TM,26,,4,0,,,,,,1,17,0,17,17.0,57
2017,Rex Burkhead,NWE,27,rb,10,3,,,,,,1,17,0,17,17.0,535
2017,Bryce Callahan,CHI,26,cb/db/de,12,6,1,59,1,59,59.0,,,,,,132
2017,Cethan Carter,CIN,24,,16,0,,,,,,1,0,0,0,0.0,0
2017,Stacy Coley,MIN,23,,4,0,,,,,,1,19,0,19,19.0,19
2017,Chris Conley,KAN,25,wr,5,5,,,,,,1,8,0,8,8.0,183
2017,Bryan Cox,CAR,23,,7,0,,,,,,1,13,0,13,13.0,28
2017,Eric Decker,TEN,30,WR,16,8,,,,,,1,22,0,22,22.0,585
2017,Darqueze Dennard,CIN,26,db/lcb/rcb,16,6,1,0,0,0,0.0,,,,,,109
2017,A.J. Derby,2TM,26,,11,1,,,,,,1,11,0,11,11.0,255
2017,Patrick DiMarco,BUF,28,FB/rb,16,9,,,,,,1,24,0,24,24.0,50
2017,Kyler Fackrell,GNB,26,rolb,16,2,,,,,,1,11,0,11,11.0,11
2017,Jon Feliciano,OAK,25,rg,13,1,,,,,,1,15,0,15,15.0,15
2017,Darren Fells,DET,31,TE,16,13,,,,,,1,10,0,10,10.0,187
2017,D'Onta Foreman,HOU,21,rb,10,1,,,,,,1,12,0,12,12.0,422
2017,Bennie Fowler,DEN,26,wr,16,4,1,6,0,6,6.0,,,,,,356
2017,Kendall Fuller,WAS,22,cb,16,6,,,,,,1,12,0,12,12.0,16
2017,Ben Garland,ATL,29,lg,16,3,,,,,,1,11,0,11,11.0,11
2017,Mark Glowinski,SEA,25,rg,10,2,,,,,,1,0,0,0,0.0,0
2017,Robert Golden,PIT,27,fs,16,2,,,,,,1,5,0,5,5.0,4
2017,Xavier Grimble,PIT,25,te/wr,15,2,,,,,,1,0,0,0,0.0,32
2017,Johnny Holton,OAK,26,wr,16,1,1,0,0,0,0.0,,,,,,218
2017,William Jackson,CIN,25,rcb,15,5,1,0,0,0,0.0,,,,,,75
2017,Andy Janovich,DEN,24,fb,16,4,,,,,,1,10,0,10,10.0,57
2017,Jordan Jenkins,NYJ,23,LB,16,15,,,,,,1,7,0,7,7.0,7
2017,Trumaine Johnson,LAR,27,LCB,16,15,1,6,0,6,6.0,,,,,,45
2017,Robert Kelley,WAS,25,rb,7,7,,,,,,1,16,0,16,16.0,228
2017,John Kuhn,NOR,35,fb,2,1,,,,,,1,9,0,9,9.0,11
2017,Matt Longacre,LAR,26,lb,14,1,,,,,,1,0,0,0,0.0,8
2017,David Mayo,CAR,24,mlb,16,1,,,,,,1,12,0,12,12.0,12
2017,Max McCaffrey,JAX,23,,5,0,1,0,0,0,0.0,,,,,,4
2017,Leon McQuay,KAN,23,s,1,1,,,,,,1,0,0,0,0.0,0
2017,Marcus Murphy,BUF,26,,1,0,,,,,,1,18,0,18,18.0,66
2017,Jalen Myrick,JAX,22,,5,0,,,,,,1,18,0,18,18.0,18
2017,Troy Niklas,ARI,25,TE/wr,15,11,,,,,,1,1,0,1,1.0,133
2017,Jamize Olawale,OAK,28,,12,0,,,,,,1,9,0,9,9.0,85
2017,Tenny Palepoi,LAC,27,,15,0,,,,,,1,0,0,0,0.0,0
2017,Ethan Pocic,SEA,22,lg/rg,16,11,,,,,,1,13,0,13,13.0,13
2017,Roy Robertson-Harris,CHI,24,,13,0,,,,,,1,7,0,7,7.0,7
2017,Demarcus Robinson,KAN,23,WR,16,8,1,-4,0,-4,-4.0,,,,,,208
2017,Anthony Sherman,KAN,29,fb,16,3,,,,,,1,7,0,7,7.0,94
2017,Rod Smith,DAL,25,rb,15,1,,,,,,1,20,0,20,20.0,454
2017,Torrey Smith,PHI,28,WR,16,14,1,9,0,9,9.0,,,,,,436
2017,Daniel Sorensen,KAN,27,lb/S,15,14,1,0,0,0,0.0,,,,,,3
2017,Darren Sproles,PHI,34,,3,0,1,10,0,10,10.0,,,,,,144
2017,Mike Thomas,LAR,23,wr,8,1,,,,,,1,15,0,15,15.0,108
2017,Nick Vannett,SEA,24,te,15,4,,,,,,1,0,0,0,0.0,124
2017,Dan Vitale,CLE,24,fb,15,6,,,,,,1,18,0,18,18.0,37
2017,Dede Westbrook,JAX,24,wr,7,5,1,19,0,19,19.0,,,,,,358
2017,Griff Whalen,BAL,27,,2,0,1,2,0,2,2.0,,,,,,25
2017,Jermaine Whitehead,GNB,24,,10,0,1,0,0,0,0.0,,,,,,7
2017,Damien Williams,MIA,25,rb,11,4,,,,,,1,-7,0,-7,-7.0,329
2017,Albert Wilson,KAN,25,wr,13,7,,,,,,1,18,0,18,18.0,578
2018,Andre Roberts+,NYJ,30,wr,16,1,23,324,1,78,14.1,40,1174,1,99,29.4,1597
2018,Alex Erickson,CIN,26,wr,16,6,20,212,0,38,10.6,40,1049,0,77,26.2,1450
2018,Ryan Switzer,PIT,24,wr,16,1,30,252,0,23,8.4,30,607,0,35,20.2,1133
2018,Dwayne Harris,OAK,31,wr,15,1,20,281,1,99,14.1,29,663,0,34,22.9,996
2018,DeAndre Carter,2TM,25,,14,4,26,249,0,42,9.6,19,425,0,30,22.4,897
2018,Desmond King+,LAC,24,cb/db,16,8,23,318,1,73,13.8,22,522,0,40,23.7,915
2018,Tyler Lockett,SEA,26,WR,16,14,25,143,0,19,5.7,19,493,0,84,25.9,1670
2018,Jabrill Peppers,CLE,23,S,16,16,25,219,0,33,8.8,19,408,0,29,21.5,659
2018,Tarik Cohen+,CHI,23,rb/wr,16,7,33,411,0,44,12.5,2,22,0,22,11.0,1599
2018,Richie James,SFO,23,wr,13,2,12,75,0,23,6.3,23,580,1,97,25.2,785
2018,Tremon Smith,KAN,22,cb,14,1,,,,,,33,886,0,97,26.8,886
2018,Jakeem Grant,MIA,26,wr,10,2,14,228,1,71,16.3,18,535,1,102,29.7,1036
2018,Jojo Natson,LAR,24,,13,0,26,280,0,60,10.8,6,108,0,24,18.0,388
2018,Tyler Ervin,HOU,25,,9,0,21,175,0,27,8.3,10,253,0,36,25.3,463
2018,Isaiah McKenzie,2TM,23,,8,1,16,100,0,21,6.3,12,237,0,33,19.8,582
2018,Marvin Hall,ATL,25,,16,0,1,0,0,0,0.0,26,616,0,53,23.7,765
2018,Marcus Sherels,MIN,31,,12,0,23,276,0,70,12.0,2,34,0,17,17.0,310
2018,Corey Coleman,NYG,24,wr,8,1,1,19,0,19,19.0,23,598,0,51,26.0,693
2018,Cyrus Jones,2TM,25,,13,0,23,304,1,70,13.2,1,12,0,12,12.0,316
2018,Chester Rogers,IND,24,WR,16,10,23,215,0,51,9.3,1,10,0,10,10.0,706
2018,Adam Humphries,TAM,25,WR,16,10,21,139,0,16,6.6,2,17,0,13,8.5,983
2018,Cordarrelle Patterson,NWE,27,rb/wr,15,5,,,,,,23,663,1,95,28.8,1138
2018,Justin Hardy,ATL,27,,16,0,20,147,0,18,7.4,2,7,0,7,3.5,287
2018,Darius Jennings,TEN,26,,16,0,,,,,,22,698,1,94,31.7,801
2018,Chris Moore,BAL,25,,16,0,,,,,,22,491,0,39,22.3,704
2018,Dede Westbrook,JAX,25,WR,16,9,19,266,1,74,14.0,3,37,0,16,12.3,1118
2018,Pharoh Cooper,2TM,23,,7,0,8,79,0,45,9.9,13,277,0,28,21.3,356
2018,Christian Kirk,ARI,22,wr,12,7,21,164,0,44,7.8,,,,,,789
2018,Jamal Agnew,DET,23,,6,0,12,57,0,16,4.8,8,216,0,45,27.0,290
2018,Julian Edelman,NWE,32,WR,12,12,20,154,0,25,7.7,,,,,,1111
2018,Tyreek Hill+,KAN,24,WR,16,16,20,213,1,91,10.7,,,,,,1843
2018,Corey Clement,PHI,24,,11,0,6,17,0,10,2.8,13,333,0,48,25.6,801
2018,Jawill Davis,NYG,23,,7,0,12,89,0,23,7.4,7,171,0,32,24.4,300
2018,Jaydon Mickens,JAX,24,,6,0,12,59,0,16,4.9,6,149,0,31,24.8,208
2018,Blake Countess,LAR,25,fs,16,1,,,,,,17,419,0,40,24.6,419
2018,Kenjon Barner,2TM,28,,9,0,7,29,0,13,4.1,9,220,0,37,24.4,323
2018,Adoree' Jackson,TEN,23,CB,16,13,16,148,0,26,9.3,,,,,,155
2018,Alvin Kamara,NOR,23,RB,15,13,12,82,0,16,6.8,4,126,0,50,31.5,1800
2018,River Cracraft,DEN,24,,8,0,12,40,0,20,3.3,3,43,0,23,14.3,127
2018,Taysom Hill,NOR,28,te/wr,16,4,1,0,0,0,0.0,14,348,0,47,24.9,546
2018,Marcus Murphy,BUF,27,rb,11,1,2,15,0,9,7.5,13,324,0,49,24.9,615
2018,Tim White,BAL,24,,3,0,9,75,0,14,8.3,6,135,0,37,22.5,224
2018,Ameer Abdullah,2TM,25,,10,0,,,,,,14,365,0,33,26.1,394
2018,Quadree Henderson,NYG,22,,5,0,9,68,0,21,7.6,5,112,0,30,22.4,180
2018,Adam Jones,DEN,35,cb/rcb,7,2,10,25,0,10,2.5,4,85,0,25,21.3,110
2018,Zach Pascal,IND,24,wr,16,4,,,,,,14,297,0,29,21.2,575
2018,Greg Stroman,WAS,22,cb/de,15,3,8,27,0,10,3.4,6,110,0,23,18.3,160
2018,Damiere Byrd,CAR,25,,8,0,11,104,0,30,9.5,2,34,0,22,17.0,146
2018,Antonio Callaway,CLE,21,WR,16,11,5,61,0,37,12.2,8,143,0,35,17.9,797
2018,Cole Beasley,DAL,29,wr,16,4,11,61,0,14,5.5,1,8,0,8,8.0,741
2018,Danny Johnson,WAS,23,db,14,1,,,,,,12,283,0,44,23.6,283
2018,T.J. Jones,DET,26,wr,15,3,8,87,0,25,10.9,4,81,0,22,20.3,358
2018,T.J. Logan,ARI,24,,10,0,,,,,,12,296,0,36,24.7,335
2018,Tramon Williams,GNB,35,cb/S,16,16,12,83,0,23,6.9,,,,,,83
2018,Danny Amendola,MIA,33,WR,15,15,11,59,0,12,5.4,,,,,,632
2018,Dontrell Hilliard,CLE,23,,11,0,,,,,,11,264,0,31,24.0,369
2018,Tommylee Lewis,NOR,26,wr,7,3,8,60,0,17,7.5,3,69,0,26,23.0,199
2018,D.J. Moore,CAR,21,WR,16,10,6,32,0,15,5.3,5,119,0,32,23.8,1111
2018,D.J. Reed,SFO,22,db/fs,15,2,,,,,,11,332,0,90,30.2,332
2018,Darren Sproles,PHI,35,rb,6,2,10,83,0,14,8.3,1,2,0,2,2.0,365
2018,Trent Taylor,SFO,24,,14,0,10,78,0,18,7.8,1,15,0,15,15.0,308
2018,Tavon Austin,DAL,28,,7,0,10,58,0,22,5.8,,,,,,253
2018,Devontae Booker,DEN,26,,16,0,,,,,,10,234,0,35,23.4,692
2018,Kenyan Drake,MIA,24,rb,16,7,,,,,,10,213,0,26,21.3,1225
2018,Phillip Lindsay,DEN,24,RB,15,8,3,23,0,15,7.7,7,163,0,32,23.3,1471
2018,Ty Montgomery,2TM,25,,13,0,,,,,,10,210,0,27,21.0,633
2018,Curtis Samuel,CAR,22,WR,13,8,,,,,,10,209,0,32,20.9,787
2018,Brandon Williams,ARI,26,,16,0,,,,,,10,192,0,29,19.2,192
2018,Jesus Wilson,TAM,23,,5,0,,,,,,10,284,0,38,28.4,336
2018,Odell Beckham,NYG,26,WR,12,12,8,34,0,16,4.3,1,26,0,26,26.0,1131
2018,Janarion Grant,BAL,25,,2,0,7,52,0,51,7.4,2,56,0,32,28.0,108
2018,Micah Hyde,BUF,28,SS,15,15,9,75,0,31,8.3,,,,,,100
2018,Patrick Peterson,ARI,28,CB,16,16,9,64,0,16,7.1,,,,,,113
2018,Dante Pettis,SFO,23,wr,12,7,9,27,0,14,3.0,,,,,,492
2018,Bashaud Breeland,GNB,26,cb,7,5,,,,,,8,173,0,38,21.6,221
2018,Benny Cunningham,CHI,28,,15,0,,,,,,8,173,0,31,21.6,202
2018,JJ Jones,2TM,26,,4,0,5,24,0,11,4.8,3,69,0,33,23.0,96
2018,Rashaad Penny,SEA,22,,14,0,,,,,,8,140,0,23,17.5,634
2018,Senorise Perry,MIA,27,,16,0,,,,,,8,164,0,32,20.5,164
2018,DJ Chark,JAX,22,,11,0,0,-8,0,-8,,7,186,0,47,26.6,359
2018,Randall Cobb,GNB,28,wr,9,6,7,46,0,17,6.6,,,,,,429
2018,Rashad Greene,JAX,26,wr,8,1,2,16,0,8,8.0,5,105,0,31,21.0,181
2018,Taquan Mizzell,CHI,25,wr,9,1,,,,,,7,106,0,22,15.1,200
2018,Dare Ogunbowale,TAM,24,,2,0,,,,,,7,137,0,25,19.6,137
2018,Golden Tate,2TM,30,,15,8,7,28,0,12,4.0,,,,,,857
2018,Shaun Wilson,TAM,23,,5,0,,,,,,7,122,0,29,17.4,156
2018,Travis Benjamin,LAC,29,wr,12,3,5,16,0,8,3.2,1,17,0,17,17.0,260
2018,Mike Hughes,MIN,21,cb/lcb,6,2,2,13,0,13,6.5,4,107,0,46,26.8,148
2018,Byron Marshall,WAS,24,,6,0,,,,,,6,114,0,28,19.0,153
2018,Anthony Miller,CHI,24,wr,15,4,,,,,,6,139,0,31,23.2,588
2018,Deonte Thompson,2TM,29,,13,6,,,,,,6,147,0,35,24.5,308
2018,Victor Bolden,2TM,23,,6,0,,,,,,5,116,0,28,23.2,126
2018,Kaelin Clay,NYG,26,,2,0,5,15,0,6,3.0,,,,,,15
2018,Trevor Davis,GNB,25,,2,0,4,44,0,15,11.0,1,20,0,20,20.0,64
2018,DeSean Jackson,TAM,32,WR,12,10,5,24,0,11,4.8,,,,,,827
2018,Taiwan Jones,BUF,30,,6,0,,,,,,5,89,0,27,17.8,89
2018,Cody Latimer,NYG,26,wr,6,2,,,,,,5,123,0,34,24.6,313
2018,Ray-Ray McCloud,BUF,22,fb,10,1,4,20,0,13,5.0,1,18,0,18,18.0,78
2018,Brandon Zylstra,MIN,25,,16,0,4,26,0,9,6.5,1,15,0,15,15.0,64
2018,Jaire Alexander,GNB,21,CB,13,11,4,25,0,24,6.3,,,,,,52
2018,Stacy Coley,2TM,24,,3,0,2,6,0,6,3.0,2,27,0,21,13.5,33
2018,Darius Jackson,2TM,25,,4,0,,,,,,4,90,0,27,22.5,106
2018,Jarvis Landry,CLE,26,WR,16,14,2,10,0,8,5.0,2,22,0,14,11.0,1068
2018,Brendan Langley,DEN,24,,5,0,,,,,,4,61,0,18,15.3,61
2018,Rishard Matthews,2TM,29,,8,0,4,38,0,18,9.5,,,,,,62
2018,Sony Michel,NWE,23,RB,13,8,,,,,,4,77,0,26,19.3,1058
2018,J'Mon Moore,GNB,23,,12,0,,,,,,4,102,0,37,25.5,117
2018,Brandon Powell,DET,22,wr,6,1,2,8,0,5,4.0,2,43,0,27,21.5,184
2018,Trey Quinn,WAS,23,wr,3,2,4,52,0,30,13.0,,,,,,127
2018,Boston Scott,PHI,23,,2,0,,,,,,4,96,0,35,24.0,96
2018,De'Anthony Thomas,KAN,25,,5,0,1,48,0,48,48.0,3,58,0,26,19.3,141
2018,Jamaal Williams,GNB,23,RB,16,8,,,,,,4,95,0,30,23.8,769
2018,Nick Williams,2TM,28,,4,0,4,47,0,38,11.8,,,,,,64
2018,Cameron Batson,TEN,23,wr,11,2,3,4,0,5,1.3,,,,,,87
2018,Kapri Bibbs,2TM,25,,12,0,,,,,,3,57,0,20,19.0,275
2018,Chase Edmonds,ARI,22,,16,0,,,,,,3,48,0,18,16.0,359
2018,Shelton Gibson,PHI,23,,15,0,,,,,,3,57,0,30,19.0,105
2018,DaeSean Hamilton,DEN,23,wr,14,5,3,31,0,13,10.3,,,,,,274
2018,Maurice Harris,WAS,26,wr,12,7,3,11,0,6,3.7,,,,,,325
2018,Chris Herndon,NYJ,22,TE,16,12,1,0,0,0,0.0,2,21,0,11,10.5,523
2018,Holton Hill,MIN,21,lcb/rcb,16,3,,,,,,3,85,0,30,28.3,87
2018,Jacquizz Rodgers,TAM,28,,16,0,,,,,,3,52,0,21,17.3,464
2018,Brandon Tate,NOR,31,,1,0,3,15,0,8,5.0,,,,,,15
2018,Keenan Allen,LAC,26,WR,16,14,1,0,0,0,0.0,1,25,0,25,25.0,1277
2018,Antony Auclair,TAM,25,TE,16,10,,,,,,2,19,0,10,9.5,67
2018,Kalen Ballage,MIA,23,,12,0,,,,,,2,26,0,16,13.0,267
2018,Giovani Bernard,CIN,27,rb,12,4,,,,,,2,25,0,14,12.5,454
2018,T.J. Carrie,CLE,28,CB,16,8,,,,,,2,33,0,19,16.5,33
2018,Jamison Crowder,WAS,25,wr,9,7,2,20,0,11,10.0,,,,,,438
2018,Quandre Diggs,DET,25,cb/SS,16,16,2,4,0,4,2.0,,,,,,45
2018,Josh Jackson,GNB,22,CB,16,10,2,0,0,0,0.0,,,,,,0
2018,Jeremy Kerley,BUF,30,wr,1,1,2,10,0,6,5.0,,,,,,17
2018,Jourdan Lewis,DAL,23,cb,15,1,,,,,,2,38,0,19,19.0,71
2018,Matt Longacre,LAR,27,lb,13,7,,,,,,2,30,0,16,15.0,30
2018,Jordy Nelson,OAK,33,WR,15,14,2,7,0,7,3.5,,,,,,744
2018,Lucas Patrick,GNB,25,lg/rg,14,4,,,,,,2,23,0,15,11.5,23
2018,Darius Phillips,CIN,23,db,15,1,2,24,0,16,12.0,,,,,,24
2018,Jalen Richard,OAK,25,rb,16,1,2,3,0,3,1.5,,,,,,869
2018,Calvin Ridley,ATL,24,wr,16,5,,,,,,2,50,0,32,25.0,898
2018,Jaylen Samuels,PIT,22,rb,14,3,1,0,0,0,0.0,1,0,0,0,0.0,455
2018,Wendell Smallwood,PHI,24,rb,16,6,,,,,,2,33,0,17,16.5,627
2018,Kenny Stills,MIA,26,WR,15,15,2,6,0,6,3.0,,,,,,559
2018,Luke Willson,DET,28,TE,14,8,,,,,,2,35,0,20,17.5,122
2018,Nelson Agholor,PHI,25,WR,16,16,1,0,0,0,0.0,,,,,,768
2018,Robby Anderson,NYJ,25,WR,14,9,,,,,,1,13,0,13,13.0,757
2018,Jerome Baker,MIA,22,LB,16,11,1,0,0,0,0.0,,,,,,25
2018,Blake Bell,JAX,27,te,10,4,,,,,,1,9,0,9,9.0,76
2018,Alfred Blue,HOU,27,rb,16,2,,,,,,1,13,0,13,13.0,666
2018,Tommy Bohanon,JAX,28,fb,16,6,,,,,,1,25,0,25,25.0,66
2018,Terrence Brooks,NYJ,26,,16,0,1,0,0,0,0.0,,,,,,0
2018,Trenton Cannon,NYJ,24,,16,0,,,,,,1,20,0,20,20.0,277
2018,Orson Charles,CLE,27,te,13,2,,,,,,1,12,0,12,12.0,35
2018,Marqui Christian,LAR,24,,16,0,1,11,0,11,11.0,,,,,,11
2018,Chris Conley,KAN,26,WR,16,13,,,,,,1,5,0,5,5.0,340
2018,Dane Cruikshank,TEN,23,,12,0,,,,,,1,39,0,39,39.0,105
2018,Matthew Dayes,SFO,24,,7,0,,,,,,1,17,0,17,17.0,17
2018,James Develin,NWE,30,fb/rb/te,16,8,,,,,,1,15,0,15,15.0,84
2018,Bruce Ellington,2TM,27,,7,3,1,0,0,0,0.0,,,,,,226
2018,Ted Ginn,NOR,33,wr,5,3,,,,,,1,1,0,1,1.0,236
2018,Corey Grant,JAX,27,rb,5,1,,,,,,1,6,0,6,6.0,113
2018,Demetrius Harris,KAN,27,te,15,3,,,,,,1,11,0,11,11.0,175
2018,Brian Hill,ATL,23,,10,0,,,,,,1,16,0,16,16.0,182
2018,T.Y. Hilton,IND,29,WR,14,14,1,2,0,2,2.0,,,,,,1272
2018,Derwin James+,LAC,22,S,16,16,,,,,,1,20,0,20,20.0,50
2018,Andy Janovich,DEN,25,fb,16,7,,,,,,1,8,0,8,8.0,125
2018,Marcus Johnson,IND,24,,5,0,,,,,,1,23,0,23,23.0,123
2018,Bronson Kaufusi,NYJ,27,,3,0,,,,,,1,0,0,0,0.0,0
2018,Kevin King,GNB,23,cb,6,6,1,0,0,0,0.0,,,,,,0
2018,Cooper Kupp,LAR,25,WR,8,8,1,4,0,4,4.0,,,,,,595
2018,Matt LaCosse,DEN,26,te,15,5,,,,,,1,10,0,10,10.0,260
2018,Zach Line,NOR,28,fb,16,6,,,,,,1,16,0,16,16.0,71
2018,Tyrann Mathieu,HOU,26,cb/S,16,16,1,6,0,6,6.0,,,,,,22
2018,Riley McCarron,NWE,25,,1,0,1,0,0,0,0.0,,,,,,0
2018,J.D. McKissic,SEA,25,,5,0,,,,,,1,18,0,18,18.0,26
2018,Quenton Meeks,JAX,22,rcb,8,1,1,1,0,1,1.0,,,,,,1
2018,Donte Moncrief,JAX,25,WR,16,14,,,,,,1,7,0,7,7.0,675
2018,David Moore,SEA,23,wr,16,7,,,,,,1,18,0,18,18.0,468
2018,Roosevelt Nix,PIT,26,,16,0,,,,,,1,12,0,12,12.0,54
2018,Niles Paul,JAX,29,te,6,1,,,,,,1,8,0,8,8.0,103
2018,Aldrick Robinson,MIN,30,,14,0,,,,,,1,21,0,21,21.0,252
2018,Demarcus Robinson,KAN,24,wr,16,5,1,0,0,0,0.0,,,,,,288
2018,Dominique Rodgers-Cromartie,OAK,32,cb,7,1,1,0,0,0,0.0,,,,,,0
2018,Anthony Sherman,KAN,30,fb,16,1,,,,,,1,5,0,5,5.0,103
2018,Scott Simonson,NYG,26,te,16,4,,,,,,1,12,0,12,12.0,98
2018,Durham Smythe,MIA,23,te,15,2,,,,,,1,0,0,0,0.0,50
2018,Willie Snead,BAL,26,WR,16,10,,,,,,1,13,0,13,13.0,677
2018,Jeremy Sprinkle,WAS,24,te/wr,16,9,,,,,,1,6,0,6,6.0,47
2018,Tre Sullivan,PHI,24,s,12,1,1,0,0,0,0.0,,,,,,0
2018,Logan Thomas,BUF,27,te,12,3,,,,,,1,23,0,23,23.0,100
2018,Michael Thomas,NYG,28,db/s/ss,16,6,,,,,,1,4,0,4,4.0,30
2018,Roc Thomas,MIN,23,,5,0,,,,,,1,20,0,20,20.0,71
2018,Chris Thompson,WAS,28,,10,0,,,,,,1,0,0,0,0.0,451
2018,Corey Thompson,BUF,25,lb,6,1,,,,,,1,0,0,0,0.0,0
2018,Eric Tomlinson,NYJ,26,TE,15,12,,,,,,1,10,0,10,10.0,82
2018,Marquez Valdes-Scantling,GNB,24,WR,16,10,,,,,,1,21,0,21,21.0,631
2018,Tanner Vallejo,CLE,24,lb,13,1,,,,,,1,2,0,2,2.0,2
2018,Spencer Ware,KAN,27,rb,13,2,,,,,,1,10,0,10,10.0,480
2018,Eric Weddle,BAL,33,FS,16,16,1,18,0,18,18.0,,,,,,18
2018,Jordan Wilkins,IND,24,rb,16,3,,,,,,1,7,0,7,7.0,428
2018,Brandon Wilson,CIN,24,,16,0,,,,,,1,-3,0,-3,-3.0,-3
2018,Robert Woods,LAR,26,WR,16,16,,,,,,1,0,0,0,0.0,1376
